703035.81171, 3,   0.091,  9.653, -2.625
703035.85041, 3,   0.091,  9.653, -2.625
703035.87028, 3,   0.091,  9.653, -2.625
703035.89014, 3,   0.117,  9.648, -2.551, 4,  -0.002, -0.080,  0.017, 5,  27.272,-46.379, 18.088
703035.91001, 3,   0.086,  9.626, -2.594
703035.92985, 3,   0.132,  9.650, -2.548
703035.94972, 3,   0.112,  9.622, -2.527, 4,   0.003, -0.004,  0.013
703035.96958, 3,   0.136,  9.622, -2.532
703035.98945, 3,   0.103,  9.633, -2.570
703036.00932, 3,   0.067,  9.636, -2.570, 4,   0.004, -0.002,  0.012, 5,  26.965,-46.100, 17.024
703036.02918, 3,   0.057,  9.617, -2.570
703036.04908, 3,   0.100,  9.633, -2.565
703036.06892, 3,   0.089,  9.605, -2.570, 4,   0.002, -0.004,  0.016, 5,  27.013,-45.953, 16.733
703036.08878, 3,   0.122,  9.631, -2.541
703036.10865, 3,   0.105,  9.638, -2.572
703036.12852, 3,   0.134,  9.610, -2.591, 4,   0.005,  0.002,  0.018, 5,  27.356,-46.422, 16.447
703036.14838, 3,   0.153,  9.619, -2.568
703036.16825, 3,   0.184,  9.612, -2.589
703036.18812, 3,   0.223,  9.619, -2.551, 4,   0.005,  0.001,  0.019, 5,  27.515,-45.421, 16.780
703036.20795, 3,   0.206,  9.626, -2.565
703036.22782, 3,   0.156,  9.607, -2.608
703036.24769, 3,   0.273,  9.638, -2.553, 4,   0.005,  0.002,  0.018, 5,  26.996,-46.671, 18.044
703036.26756, 3,   0.239,  9.626, -2.579
703036.28742, 3,   0.146,  9.629, -2.544
703036.30729, 3,   0.074,  9.650, -2.524, 4,   0.005,  0.004,  0.016
703036.32716, 3,   0.050,  9.645, -2.515
703036.34705, 3,  -0.005,  9.648, -2.484
703036.36692, 3,   0.029,  9.667, -2.477, 4,   0.008,  0.010,  0.022, 5,  27.165,-46.997, 17.558
703036.38676, 3,   0.069,  9.648, -2.398
703036.40662, 3,   0.038,  9.667, -2.479
703036.42649, 3,   0.050,  9.631, -2.469, 4,   0.012,  0.035,  0.034, 5,  27.669,-46.513, 18.768
703036.44636, 3,   0.201,  9.660, -2.412
703036.46623, 3,   0.299,  9.622, -2.723
703036.48609, 3,   0.112,  9.595, -2.558, 4,   0.012,  0.050,  0.044
703036.50596, 3,   0.069,  9.622, -2.395
703036.52580, 3,   0.100,  9.578, -2.761
703036.54566, 3,   0.079,  9.607, -2.675, 4,   0.012,  0.034,  0.048, 5,  27.704,-46.841, 17.026
703036.56553, 3,   0.086,  9.612, -2.584
703036.58540, 3,   0.194,  9.612, -2.685
703036.60465, 3,   0.304,  9.588, -2.699, 4,   0.013,  0.033,  0.058, 5,  27.318,-46.283, 18.379
703036.62516, 3,   0.443,  9.569, -2.611
703036.64503, 3,   0.538,  9.593, -2.709
703036.66486, 3,   0.694,  9.586, -2.792, 4,   0.012,  0.022,  0.058, 5,  26.372,-44.974, 17.599
703036.68473, 3,   0.732,  9.581, -2.701
703036.70460, 3,   0.833,  9.581, -2.666
703036.72446, 3,   0.811,  9.626, -2.725, 4,   0.008,  0.008,  0.040, 5,  25.676,-46.037, 17.795
703036.74433, 3,   0.790,  9.600, -2.668
703036.76420, 3,   0.768,  9.610, -2.675
703036.78407, 3,   0.620,  9.624, -2.654, 4,   0.005,  0.007,  0.014, 5,  26.468,-46.396, 17.216
703036.80393, 3,   0.531,  9.622, -2.620
703036.82377, 3,   0.364,  9.588, -2.618
703036.84364, 3,   0.323,  9.633, -2.706, 4,   0.001,  0.002,  0.000, 5,  26.604,-46.391, 17.023
703036.86350, 3,   0.316,  9.619, -2.634
703036.88337, 3,   0.388,  9.277, -2.993
703036.90321, 3,   0.869, 10.031, -3.800, 4,  -0.006,  0.025, -0.007, 5,  29.684,-47.748, 18.823
703036.92311, 3,  -0.763,  9.433, -0.517
703036.94298, 3,  -0.936,  9.806, -1.898
703036.96281, 3,  -0.266,  9.657, -4.094, 4,   0.014,  0.002,  0.013
703036.98268, 3,   0.010,  9.593, -2.355
703037.00255, 3,   0.572,  9.662, -2.005
703037.02241, 3,   0.991,  9.641, -2.891, 4,   0.000, -0.055,  0.052, 5,  25.972,-44.939, 18.858
703037.04228, 3,   0.330,  9.691, -2.256
703037.06215, 3,   0.227,  9.531, -2.950
703037.08201, 3,   0.132,  9.586, -3.082, 4,   0.008, -0.008,  0.054, 5,  25.903,-47.838, 17.752
703037.10188, 3,   0.385,  9.633, -2.685
703037.12172, 3,   0.419,  9.557, -2.570
703037.14158, 3,   0.206,  9.559, -3.063, 4,   0.002,  0.019,  0.054
703037.16145, 3,   0.132,  9.772, -2.625
703037.18132, 3,  -1.082,  9.456, -2.606
703037.20122, 3,   0.491,  9.784, -2.701, 4,   0.010,  0.048,  0.064, 5,  28.152,-46.837, 19.449
703037.22108, 3,  -0.038,  9.509, -3.005
703037.24095, 3,   0.711,  9.724, -2.993
703037.26079, 3,   0.553,  9.368, -2.343, 4,   0.002, -0.014,  0.095, 5,  26.840,-47.963, 19.931
703037.28065, 3,   1.127,  9.500, -2.283
703037.30052, 3,   0.938,  9.581, -2.611
703037.32039, 3,   0.455,  9.703, -3.307, 4,   0.013,  0.024,  0.085, 5,  25.359,-46.428, 19.298
703037.34025, 3,   0.864,  9.437, -2.594
703037.36012, 3,   1.383,  9.502, -2.548
703037.37999, 3,   1.275,  9.552, -2.608, 4,   0.014,  0.059,  0.072, 5,  25.938,-46.414, 19.298
703037.39985, 3,   0.859,  9.526, -3.113
703037.41969, 3,   0.184,  9.612, -2.938
703037.43956, 3,   0.500,  9.622, -2.512, 4,   0.013, -0.002,  0.046, 5,  24.445,-47.446, 18.620
703037.45942, 3,   0.979,  9.550, -2.718
703037.47932, 3,   1.326,  9.421, -3.070
703037.49919, 3,   0.928,  9.595, -3.266, 4,   0.016, -0.080,  0.042
703037.51906, 3,   0.526,  9.574, -3.034
703037.53892, 3,   0.335,  9.399, -3.008
703037.55876, 3,   0.407,  9.492, -3.539, 4,   0.007,  0.000,  0.026, 5,  24.370,-46.930, 19.684
703037.57863, 3,   0.194,  9.421, -3.252
703037.59849, 3,   0.213,  9.325, -3.355
703037.61836, 3,   0.354,  9.418, -3.750, 4,   0.018, -0.023,  0.040, 5,  24.577,-47.580, 19.202
703037.63823, 3,   0.079,  9.387, -3.838
703037.65809, 3,  -0.376,  9.095, -3.800
703037.67796, 3,  -0.194,  9.071, -4.144, 4,   0.018, -0.005,  0.052
703037.69783, 3,   0.459,  9.633, -4.293
703037.71766, 3,   1.218,  9.739, -4.039
703037.73753, 3,   1.137,  8.863, -4.515, 4,   0.011, -0.225,  0.065, 5,  24.930,-47.574, 18.770
703037.75740, 3,   1.330,  8.662, -4.824
703037.77730, 3,   1.680,  9.131, -4.240
703037.79716, 3,   1.594,  8.696, -3.979, 4,   0.016, -0.223,  0.023, 5,  24.586,-47.157, 18.669
703037.81703, 3,   0.873,  7.899, -5.360
703037.83690, 3,   0.593, 10.595, -7.691
703037.85676, 3,   0.502,  8.430, -4.013, 4,   0.036, -0.169, -0.046, 5,  24.585,-47.153, 17.023
703037.87660, 3,  -0.227,  8.210, -4.374
703037.89647, 3,   0.163,  9.421, -4.637
703037.91633, 3,   0.531,  7.683, -3.666, 4,  -0.017, -0.253, -0.055, 5,  24.092,-47.362, 19.006
703037.93620, 3,   0.909,  8.475, -4.554
703037.95607, 3,   0.227,  9.674, -4.934
703037.97593, 3,   0.833,  9.992, -3.671, 4,   0.018, -0.181, -0.071, 5,  25.539,-45.651, 18.471
703037.99580, 3,   2.017, 10.394, -2.479
703038.01564, 3,   1.854,  9.811, -2.869
703038.03550, 3,   0.330,  9.456, -2.570, 4,  -0.007,  0.057, -0.098
703038.05540, 3,   0.072, 10.119, -1.287
703038.07527, 3,   0.223,  9.861, -1.924
703038.09514, 3,   0.569, 10.047, -2.560, 4,   0.009,  0.112, -0.118, 5,  25.301,-47.142, 19.104
703038.11500, 3,  -0.225,  8.987, -2.419
703038.13487, 3,  -0.213,  9.031, -2.792
703038.15471, 3,  -0.548,  9.736, -1.835, 4,  -0.039,  0.113, -0.089
703038.17457, 3,  -0.151, 10.466, -2.950
703038.19444, 3,   0.022,  9.610, -1.563
703038.21431, 3,  -0.589,  9.363, -2.742, 4,  -0.035,  0.061, -0.037, 5,  27.698,-47.318, 18.729
703038.23417, 3,  -0.907, 10.497, -3.249
703038.25404, 3,  -1.572, 11.218, -3.501
703038.27391, 3,  -1.522,  8.997, -2.544, 4,   0.014, -0.025,  0.006, 5,  26.172,-47.833, 18.771
703038.29377, 3,  -0.608,  8.755, -2.690
703038.31361, 3,   0.340,  9.662, -3.568
703038.33348, 3,   0.584, 10.024, -3.549, 4,   0.030,  0.033,  0.083, 5,  27.083,-47.006, 19.112
703038.35338, 3,  -0.225,  8.655, -4.496
703038.37324, 3,  -0.196,  7.332, -5.228
703038.39311, 3,  -0.062,  8.423, -6.473, 4,   0.101,  0.318,  0.072, 5,  27.122,-45.154, 19.731
703038.41298, 3,   0.663,  9.071, -6.401
703038.43284, 3,   2.209,  9.657, -5.319
703038.45271, 3,   2.998,  9.102, -4.561, 4,   0.004,  0.440,  0.049, 5,  26.073,-46.414, 20.654
703038.47255, 3,   3.111,  8.724, -3.881
703038.49241, 3,   2.692,  8.461, -3.101
703038.51228, 3,   2.189,  8.971, -5.492, 4,   0.037,  0.662, -0.125, 5,  25.275,-46.437, 21.863
703038.53215, 3,   1.285,  8.901, -6.159
703038.55201, 3,   0.280,  8.155, -6.374
703038.57188, 3,   0.256,  9.473, -3.970, 4,   0.040,  0.474, -0.293
703038.59175, 3,   0.658,  9.411, -4.293
703038.61158, 3,   0.316,  6.516, -3.850
703038.63148, 3,  -0.517,  6.154, -4.836, 4,  -0.020,  0.095, -0.365, 5,  25.705,-45.142, 20.941
703038.65135, 3,   0.050, 11.995, -6.638
703038.67122, 3,   1.024, 11.062, -3.034
703038.69108, 3,   2.347,  9.935, -2.335, 4,  -0.066, -0.527, -0.383
703038.71095, 3,   2.431,  8.380, -0.380
703038.73082, 3,   0.940, 10.112,  0.043
703038.75068, 3,  -0.096, 11.792, -1.304, 4,  -0.137, -0.712, -0.420, 5,  28.650,-44.638, 20.607
703038.77052, 3,  -1.275, 10.098,  0.089
703038.79039, 3,  -2.422, 10.339, -1.450
703038.81025, 3,  -3.398,  9.581, -1.443, 4,  -0.095, -0.988, -0.365, 5,  32.022,-42.697, 16.302
703038.83012, 3,  -3.915,  9.265,  0.357
703038.84999, 3,  -4.338, 11.060, -0.567
703038.86986, 3,  -4.376, 10.981, -0.613, 4,  -0.085, -1.226, -0.120
703038.88972, 3,  -3.345,  9.042, -1.476
703038.90959, 3,  -2.000,  9.535, -2.419
703038.92946, 3,   0.469, 10.193, -2.232, 4,   0.001, -1.179,  0.147, 5,  32.176,-43.729, 14.120
703038.94932, 3,   1.536,  7.887, -1.419
703038.96919, 3,   1.905, 10.784, -3.671
703038.98906, 3,   2.304,  9.054, -5.231, 4,   0.075, -0.411,  0.157, 5,  32.037,-43.779, 13.008
703039.00892, 3,   1.682,  9.854, -5.580
703039.02879, 3,   0.440,  9.373, -4.085
703039.04866, 3,   0.565,  9.459, -1.302, 4,  -0.017,  0.230,  0.035, 5,  32.146,-42.969, 12.666
703039.06849, 3,   0.022,  9.696, -0.534
703039.08836, 3,  -0.534, 10.289,  0.019
703039.10823, 3,  -0.742, 10.330, -0.703, 4,  -0.054,  0.145, -0.051, 5,  32.660,-43.907, 14.027
703039.12809, 3,  -1.041,  7.750, -2.388
703039.14796, 3,  -2.831,  9.581, -5.760
703039.16783, 3,  -3.053,  9.449, -5.336, 4,   0.030, -0.105, -0.054, 5,  32.433,-44.101, 12.914
703039.18770, 3,  -0.601, 10.004, -2.022
703039.20756, 3,  -0.579, 11.148, -0.108
703039.22743, 3,  -1.347, 10.153,  2.352, 4,  -0.153, -0.474,  0.032
703039.24730, 3,  -1.663, 10.114,  3.089
703039.26716, 3,  -2.055,  9.289, -0.768
703039.28703, 3,  -3.929, 10.143, -3.584, 4,   0.110, -0.560,  0.042, 5,  33.078,-42.943, 12.090
703039.30690, 3,  -4.628,  9.289, -4.723
703039.32676, 3,  -2.692,  8.631, -3.905
703039.34663, 3,  -0.505, 10.179, -3.331, 4,   0.024, -0.347,  0.203, 5,  32.639,-44.615, 10.686
703039.36647, 3,   0.821,  8.480, -1.362
703039.38633, 3,   0.364,  8.739, -1.890
703039.40620, 3,  -0.055,  9.478, -4.070, 4,   0.079, -0.022,  0.194, 5,  32.654,-43.997, 11.316
703039.42607, 3,  -0.546, 10.380, -7.088
703039.44594, 3,   0.397,  9.562, -5.812
703039.46580, 3,  -0.574,  9.040, -4.659, 4,   0.167,  0.432,  0.131, 5,  31.041,-44.704, 12.961
703039.48570, 3,  -0.507,  9.126, -3.642
703039.50554, 3,  -0.634, 10.603, -1.685
703039.52540, 3,  -0.524,  8.777, -0.313, 4,   0.060,  0.818,  0.060, 5,  29.102,-43.704, 10.968
703039.54527, 3,  -0.436,  9.160, -1.517
703039.56514, 3,   0.148,  9.026, -3.465
703039.58500, 3,  -1.419,  8.882, -5.585, 4,   0.163,  0.871, -0.009, 5,  27.986,-42.171, 14.934
703039.60487, 3,  -2.400,  9.504, -6.006
703039.62474, 3,  -1.773, 10.093, -5.061
703039.64460, 3,  -0.117, 10.452, -0.749, 4,  -0.015,  0.846, -0.062, 5,  26.268,-43.546, 15.710
703039.66444, 3,   0.187,  9.241,  1.062
703039.68431, 3,  -0.706,  7.243, -1.871
703039.70418, 3,  -1.850, 10.828, -5.702, 4,   0.057,  0.803, -0.113, 5,  26.675,-41.402, 18.124
703039.72404, 3,  -1.354, 10.780, -5.798
703039.74391, 3,  -1.223,  9.188, -1.996
703039.76378, 3,  -1.053,  9.966, -0.282, 4,  -0.014,  0.715, -0.147
703039.78367, 3,  -2.122,  8.908, -1.326
703039.80351, 3,  -2.166,  8.511, -2.481
703039.82338, 3,  -0.266, 10.504, -3.785, 4,  -0.009,  0.415, -0.119, 5,  27.423,-39.964, 19.913
703039.84324, 3,   0.218,  9.832, -3.204
703039.86311, 3,   0.790,  9.081, -2.857
703039.88298, 3,   0.163,  9.291, -2.907, 4,  -0.020,  0.298, -0.126
703039.90284, 3,  -0.687,  9.275, -3.527
703039.92271, 3,  -0.816,  9.519, -3.529
703039.94258, 3,  -1.627,  9.416, -3.316, 4,  -0.031,  0.200, -0.161, 5,  26.340,-42.461, 19.917
703039.96241, 3,  -1.651,  9.315, -2.524
703039.98228, 3,  -0.979, 10.756, -1.809
703040.00215, 3,  -1.254,  8.533, -1.153, 4,  -0.069, -0.109, -0.131, 5,  25.053,-40.300, 19.521
703040.02202, 3,  -1.804, 10.215, -2.778
703040.04188, 3,  -0.919,  8.873, -1.429
703040.06178, 3,  -0.785,  8.420, -2.395, 4,  -0.021, -0.345, -0.076, 5,  27.420,-39.948, 18.320
703040.08165, 3,  -1.165, 10.390, -4.616
703040.10151, 3,  -0.593, 10.380, -4.802
703040.12135, 3,   0.148, 10.512, -2.713, 4,  -0.029, -0.488, -0.025, 5,  26.154,-40.848, 17.735
703040.14122, 3,   0.261,  6.678, -0.833
703040.16108, 3,  -0.687,  8.179, -2.118
703040.18095, 3,  -0.141, 11.005, -3.671, 4,  -0.070, -0.676, -0.006, 5,  26.765,-39.255, 15.793
703040.20082, 3,  -0.701, 10.828, -2.405
703040.22069, 3,  -1.263, 10.153, -1.275
703040.24055, 3,  -0.866,  9.468, -0.455, 4,  -0.050, -0.913,  0.023, 5,  27.153,-39.674, 15.555
703040.26039, 3,  -0.412,  9.502, -1.170
703040.28026, 3,  -0.893,  9.411, -1.893
703040.30012, 3,  -1.766,  8.533, -2.311, 4,   0.012, -1.209,  0.103
703040.31999, 3,  -1.429, 10.232, -3.316
703040.33989, 3,   0.806, 10.591, -2.936
703040.35975, 3,   0.835, 10.124, -2.209, 4,  -0.007, -1.328,  0.201, 5,  26.814,-40.665, 10.037
703040.37962, 3,   0.282,  9.985, -1.359
703040.39946, 3,   0.852,  9.689, -1.003
703040.41932, 3,   0.483,  9.220, -1.816, 4,   0.027, -1.163,  0.207
703040.43919, 3,  -0.022,  9.655, -3.084
703040.45906, 3,  -0.725, 10.047, -2.522
703040.47892, 3,  -0.471,  9.076, -2.311, 4,   0.110, -1.240,  0.236, 5,  28.423,-42.047,  8.011
703040.49879, 3,   0.093,  8.983, -2.039
703040.51866, 3,   1.321, 10.241, -2.072
703040.53853, 3,   1.467, 10.107, -1.598, 4,   0.081, -1.390,  0.285, 5,  27.155,-40.883,  3.937
703040.55836, 3,   0.455, 10.902, -1.086
703040.57823, 3,  -0.426, 10.074, -1.201
703040.59749, 3,  -0.526, 10.646, -1.129, 4,   0.118, -1.455,  0.251, 5,  24.706,-42.746,  2.484
703040.61796, 3,  -0.656, 10.241, -1.993
703040.63786, 3,  -0.799,  9.109, -1.003
703040.65773, 3,  -1.596,  6.178, -1.840, 4,   0.155, -1.586,  0.253, 5,  24.268,-42.564,  2.484
703040.67759, 3,  -1.792,  6.453, -2.515
703040.69746, 3,  -3.644,  6.690, -4.171
703040.71730, 3,  -5.269,  7.138, -4.242, 4,   0.319, -1.594,  0.348, 5,  22.298,-42.842, -0.761
703040.73716, 3,  -1.280, 10.083, -4.037
703040.75703, 3,   4.965, 18.154, -3.776
703040.77690, 3,   6.662, 10.976, -1.397, 4,   0.204, -1.238,  0.567, 5,  20.627,-43.829, -2.214
703040.79677, 3,   5.178,  6.173, -2.429
703040.81663, 3,   2.907,  6.255, -3.137
703040.83650, 3,  -4.546, 13.350, -6.322, 4,   0.296,  0.045,  0.261, 5,  19.315,-42.960, -1.154
703040.85634, 3,  -1.646, 12.436, -1.632
703040.87620, 3,  -0.077,  8.667, -1.644
703040.89607, 3,   2.288,  6.470, -0.969, 4,   0.113, -0.079,  0.243, 5,  19.978,-43.138, -0.089
703040.91597, 3,  -1.469,  9.112, -4.898
703040.93583, 3,  -0.263, 12.110, -2.477
703040.95570, 3,   1.309, 11.002, -2.367, 4,   0.049,  0.052,  0.208
703040.97557, 3,   2.390,  8.832, -1.189
703040.99543, 3,   0.718,  8.844, -1.790
703041.01527, 3,  -0.799, 10.363, -2.969, 4,   0.048,  0.236,  0.136, 5,  17.644,-44.098,  0.296
703041.03514, 3,  -1.015, 10.966, -2.661
703041.05501, 3,  -0.357,  9.162, -1.898
703041.07487, 3,   0.280,  9.145, -1.606, 4,   0.045,  0.313,  0.095, 5,  17.944,-44.568,  1.025
703041.09474, 3,  -0.132, 10.198, -2.005
703041.11461, 3,  -0.357, 10.260, -2.000
703041.13447, 3,   0.000,  9.858, -2.254, 4,   0.022,  0.257,  0.084, 5,  17.966,-43.813,  2.379
703041.15431, 3,   0.512,  8.952, -1.017
703041.17418, 3,   1.103,  9.495, -1.869
703041.19404, 3,  -0.077, 10.292, -1.507, 4,   0.020,  0.295,  0.056, 5,  17.491,-44.913,  1.024
703041.21394, 3,  -0.986, 10.512, -2.532
703041.23381, 3,  -0.328,  9.942, -1.723
703041.25367, 3,  -0.459,  9.835, -1.498, 4,   0.023,  0.359,  0.036, 5,  17.680,-44.431,  0.737
703041.27354, 3,   0.371,  9.878, -1.665
703041.29341, 3,   0.335, 10.126, -0.680
703041.31324, 3,   0.720,  9.377, -0.495, 4,  -0.007,  0.350,  0.042, 5,  17.830,-45.856,  2.142
703041.33311, 3,  -0.455,  9.696, -2.668
703041.35298, 3,  -0.282,  9.701, -2.931
703041.37285, 3,  -0.522,  9.083, -0.967, 4,   0.016,  0.397,  0.027, 5,  16.701,-44.647,  2.136
703041.39271, 3,  -0.287,  9.552, -1.122
703041.41258, 3,  -0.244, 10.014, -1.606
703041.43245, 3,  -0.926, 10.440,  0.103, 4,  -0.003,  0.422,  0.044, 5,  16.862,-45.456,  3.206
703041.45231, 3,  -0.120, 10.392, -2.469
703041.47215, 3,  -0.476,  9.452, -2.558
703041.49205, 3,  -0.357,  9.562, -1.223, 4,   0.027,  0.214,  0.075
703041.51191, 3,  -0.069, 10.165, -0.089
703041.53178, 3,   1.115, 10.569, -2.898
703041.55165, 3,   1.534,  9.306, -2.701, 4,   0.020, -0.007,  0.099, 5,  17.062,-44.452,  3.688
703041.57152, 3,   1.694,  9.267, -2.946
703041.59135, 3,   1.302, 10.239, -0.888
703041.61122, 3,   0.902, 10.423, -1.831, 4,   0.003,  0.441,  0.049, 5,  17.239,-44.545,  4.512
703041.63109, 3,   0.811,  9.373, -3.103
703041.65095, 3,   1.225,  9.315, -3.494
703041.67082, 3,   0.971,  9.861, -1.419, 4,   0.009,  0.562, -0.010, 5,  16.052,-45.901,  3.641
703041.69069, 3,   0.663, 10.430, -1.354
703041.71055, 3,   1.364,  9.232, -2.000
703041.73042, 3,   1.168,  9.533, -3.302, 4,  -0.015,  0.362, -0.049, 5,  17.233,-44.781,  3.639
703041.75029, 3,   0.531,  9.320, -1.967
703041.77015, 3,   0.158, 10.191, -2.280
703041.79002, 3,  -0.127,  9.863, -1.141, 4,  -0.029,  0.349, -0.080, 5,  16.959,-45.171,  4.465
703041.80989, 3,  -0.079, 10.033, -1.670
703041.82975, 3,  -0.029,  9.588, -2.417
703041.84962, 3,  -0.108,  9.193, -2.663, 4,  -0.008,  0.241, -0.064, 5,  17.969,-43.721,  3.929
703041.86949, 3,   0.127,  9.708, -2.331
703041.88936, 3,   0.675, 10.076, -1.663
703041.90922, 3,   0.806,  9.830, -1.701, 4,  -0.023,  0.222, -0.043, 5,  17.136,-45.357,  4.463
703041.92906, 3,   1.072,  9.636, -2.778
703041.94893, 3,   0.787,  9.366, -2.630
703041.96879, 3,   0.352,  9.593, -2.496, 4,  -0.004,  0.157, -0.065, 5,  17.271,-45.164,  4.996
703041.98866, 3,   0.615,  9.657, -2.367
703042.00853, 3,   0.852,  9.825, -2.158
703042.02839, 3,   1.192,  9.720, -2.254, 4,  -0.027,  0.099, -0.083
703042.04826, 3,   1.259,  9.538, -3.058
703042.06813, 3,   1.182,  9.411, -2.637
703042.08799, 3,   0.924,  9.712, -2.278, 4,  -0.029,  0.042, -0.120, 5,  17.316,-45.213,  5.963
703042.10786, 3,   0.579,  9.808, -2.570
703042.12773, 3,   0.352,  9.638, -2.448
703042.14760, 3,   0.196,  9.684, -2.532, 4,  -0.033,  0.080, -0.166
703042.16746, 3,   0.187,  9.392, -2.201
703042.18733, 3,   0.151,  9.770, -2.893
703042.20720, 3,   0.237,  9.768, -2.359, 4,  -0.040, -0.009, -0.174, 5,  18.629,-44.183,  5.627
703042.22703, 3,   0.026,  9.562, -1.883
703042.24690, 3,  -0.033,  9.569, -2.584
703042.26677, 3,  -0.215,  9.626, -2.745, 4,  -0.035,  0.043, -0.181, 5,  19.693,-44.249,  4.807
703042.28663, 3,  -0.514,  9.856, -2.099
703042.30650, 3,  -0.893,  9.552, -1.311
703042.32637, 3,  -1.046,  9.727, -2.328, 4,  -0.030,  0.116, -0.167, 5,  19.212,-43.880,  4.222
703042.34626, 3,  -1.402,  9.899, -2.443
703042.36610, 3,  -1.754,  9.732, -1.345
703042.38597, 3,  -2.055,  9.705, -1.323, 4,  -0.016,  0.166, -0.111, 5,  19.212,-43.884,  5.481
703042.40584, 3,  -2.034,  9.701, -2.101
703042.42570, 3,  -1.898,  9.727, -2.122
703042.44557, 3,  -1.749,  9.787, -1.615, 4,   0.007,  0.096, -0.008, 5,  19.730,-42.827,  6.398
703042.46544, 3,  -1.306,  9.808, -1.797
703042.48530, 3,  -0.802,  9.818, -2.429
703042.50517, 3,  -0.493,  9.693, -2.331, 4,   0.032,  0.096,  0.078, 5,  20.169,-44.855,  4.662
703042.52501, 3,  -0.440,  9.550, -2.211
703042.54487, 3,  -0.438,  9.612, -2.340
703042.56474, 3,  -0.211,  9.588, -2.632, 4,   0.053,  0.202,  0.112
703042.58461, 3,   0.055,  9.507, -3.008
703042.60447, 3,   0.170,  9.526, -2.840
703042.62434, 3,   0.244,  9.521, -2.338, 4,   0.054,  0.161,  0.123, 5,  19.290,-44.548,  6.546
703042.64424, 3,   0.708,  9.552, -2.572
703042.66407, 3,   1.261,  9.464, -2.984
703042.68394, 3,   1.216,  9.662, -4.168, 4,   0.065,  0.123,  0.099
703042.70381, 3,   0.948,  9.720, -3.860
703042.72368, 3,   0.620,  9.337, -1.608
703042.74354, 3,   1.225,  9.880, -2.646, 4,   0.024,  0.233,  0.043, 5,  19.287,-44.691,  6.499
703042.76341, 3,   2.024,  9.954, -2.563
703042.78328, 3,   1.974,  9.789, -1.799
703042.80314, 3,   1.630,  9.543, -2.003, 4,   0.003,  0.180, -0.014, 5,  19.128,-43.890,  8.095
703042.82298, 3,   1.163,  9.722, -2.644
703042.84285, 3,   0.510,  9.660, -2.417
703042.86271, 3,   0.024,  9.715, -1.972, 4,   0.003,  0.232, -0.082, 5,  19.293,-44.405,  6.837
703042.88258, 3,  -0.057,  9.806, -1.854
703042.90245, 3,   0.026,  9.820, -2.024
703042.92235, 3,   0.091,  9.736, -2.041, 4,  -0.017,  0.083, -0.085, 5,  18.602,-45.470,  7.034
703042.94221, 3,   0.232,  9.720, -1.972
703042.96208, 3,   0.033,  9.820, -2.046
703042.98192, 3,  -0.218,  9.772, -1.976, 4,  -0.010,  0.078, -0.076, 5,  19.244,-44.409,  7.901
703043.00178, 3,  -0.342,  9.758, -2.005
703043.02165, 3,  -0.163,  9.784, -2.036
703043.04152, 3,   0.124,  9.777, -2.146, 4,  -0.006,  0.049, -0.055, 5,  20.105,-43.814,  7.425
703043.06138, 3,   0.278,  9.669, -2.276
703043.08125, 3,   0.388,  9.662, -2.223
703043.10112, 3,   0.333,  9.770, -2.213, 4,  -0.009, -0.035, -0.042, 5,  19.368,-45.071,  7.518
703043.12095, 3,   0.196,  9.703, -2.350
703043.14082, 3,  -0.100,  9.624, -2.443
703043.16069, 3,  -0.191,  9.662, -2.673, 4,  -0.006, -0.023, -0.050, 5,  20.168,-44.357,  7.344
703043.18055, 3,  -0.091,  9.691, -2.517
703043.20045, 3,   0.077,  9.619, -2.556
703043.22032, 3,   0.196,  9.583, -2.682, 4,  -0.011, -0.060, -0.043
703043.24019, 3,   0.103,  9.622, -2.663
703043.26002, 3,  -0.232,  9.677, -2.551
703043.27989, 3,  -0.426,  9.629, -2.632, 4,  -0.004, -0.022, -0.047, 5,  20.270,-46.248,  6.567
703043.29976, 3,  -0.325,  9.619, -2.673
703043.31962, 3,  -0.292,  9.667, -2.422
703043.33949, 3,  -0.464,  9.662, -2.426, 4,  -0.003, -0.017, -0.034, 5,  19.398,-43.692,  7.466
703043.35936, 3,  -0.550,  9.648, -2.541
703043.37922, 3,  -0.531,  9.653, -2.434
703043.39909, 3,  -0.342,  9.681, -2.414, 4,  -0.002, -0.018, -0.010, 5,  19.382,-44.313,  7.471
703043.41893, 3,   0.108,  9.641, -2.589
703043.43879, 3,   0.081,  9.660, -2.429
703043.45866, 3,  -0.122,  9.665, -2.469, 4,   0.000, -0.015,  0.006, 5,  20.209,-45.245,  8.293
703043.47853, 3,  -0.208,  9.669, -2.548
703043.49843, 3,   0.031,  9.655, -2.395
703043.51829, 3,   0.081,  9.705, -2.371, 4,   0.003,  0.002,  0.008, 5,  19.724,-44.872,  6.355
703043.53816, 3,  -0.074,  9.677, -2.496
703043.55803, 3,  -0.239,  9.660, -2.618
703043.57786, 3,  -0.383,  9.672, -2.424, 4,   0.004,  0.001,  0.010, 5,  21.194,-44.980,  6.795
703043.59773, 3,  -0.108,  9.674, -2.343
703043.61760, 3,   0.328,  9.631, -2.429
703043.63746, 3,   0.392,  9.667, -2.544, 4,   0.003, -0.001,  0.017, 5,  21.564,-44.206,  6.116
703043.65733, 3,   0.129,  9.653, -2.606
703043.67720, 3,  -0.014,  9.665, -2.522
703043.69706, 3,   0.031,  9.657, -2.522, 4,   0.005,  0.019,  0.004, 5,  20.049,-44.386,  6.839
703043.71690, 3,   0.179,  9.614, -2.577
703043.73677, 3,   0.278,  9.641, -2.560
703043.75663, 3,   0.100,  9.622, -2.534, 4,  -0.003, -0.029, -0.002
703043.77653, 3,  -0.033,  9.648, -2.532
703043.79640, 3,  -0.105,  9.674, -2.536
703043.81627, 3,  -0.227,  9.653, -2.522, 4,   0.001, -0.013, -0.012, 5,  19.977,-43.678,  6.839
703043.83613, 3,  -0.392,  9.662, -2.527
703043.85600, 3,  -0.359,  9.655, -2.546
703043.87584, 3,  -0.285,  9.660, -2.438, 4,  -0.004, -0.042,  0.001
703043.89570, 3,  -0.057,  9.732, -2.498
703043.91557, 3,  -0.139,  9.571, -2.156
703043.93544, 3,   0.220,  9.461, -3.029, 4,   0.008, -0.015,  0.012, 5,  19.942,-45.247,  7.034
703043.95530, 3,   0.053,  9.686, -3.393
703043.97517, 3,  -0.340,  9.514, -2.816
703043.99504, 3,  -0.237,  9.495, -2.819, 4,   0.011,  0.054,  0.010, 5,  21.321,-43.311,  6.888
703044.01491, 3,  -0.108,  9.662, -2.357
703044.03474, 3,   0.189,  9.815, -1.601
703044.05461, 3,   0.419,  9.703, -2.087, 4,  -0.005, -0.038,  0.015, 5,  19.589,-43.115,  7.420
703044.07451, 3,   0.019,  9.818, -2.847
703044.09437, 3,  -0.464,  9.509, -1.708
703044.11424, 3,  -0.141,  9.870, -2.130, 4,   0.007, -0.002,  0.016, 5,  19.371,-45.024,  8.192
703044.13411, 3,  -0.280,  9.842, -2.558
703044.15397, 3,  -0.170,  9.488, -2.204
703044.17381, 3,  -0.103,  9.705, -2.276, 4,   0.007,  0.011,  0.030, 5,  20.636,-44.118,  7.336
703044.19368, 3,  -0.022,  9.768, -2.486
703044.21354, 3,   0.045,  9.629, -2.541
703044.23341, 3,   0.048,  9.569, -2.450, 4,   0.003, -0.036,  0.042, 5,  20.949,-43.222,  8.449
703044.25328, 3,  -0.005,  9.607, -2.706
703044.27314, 3,   0.127,  9.653, -2.881
703044.29301, 3,   0.481,  9.557, -2.814, 4,   0.003, -0.024,  0.043
703044.31288, 3,   0.859,  9.440, -2.809
703044.33272, 3,   0.558,  9.593, -2.859
703044.35261, 3,   0.297,  9.638, -3.013, 4,   0.002, -0.009,  0.017, 5,  20.531,-44.806,  6.842
703044.37248, 3,   0.060,  9.535, -2.792
703044.39174, 3,   0.048,  9.619, -2.704
703044.41221, 3,   0.330,  9.607, -2.788, 4,  -0.002, -0.000, -0.008
703044.43208, 3,   0.569,  9.567, -2.757
703044.45195, 3,   0.718,  9.610, -2.783
703044.47181, 3,   0.893,  9.662, -2.881, 4,  -0.001, -0.013, -0.033, 5,  21.024,-44.652,  7.567
703044.49165, 3,   0.591,  9.622, -2.749
703044.51152, 3,   0.651,  9.552, -2.764
703044.53138, 3,   0.213,  9.631, -2.632, 4,  -0.002, -0.012, -0.078, 5,  20.160,-45.334,  5.389
703044.55125, 3,   0.033,  9.722, -2.443
703044.57112, 3,   0.091,  9.751, -2.228
703044.59099, 3,   0.156,  9.756, -2.223, 4,  -0.002,  0.010, -0.106, 5,  20.604,-43.616,  7.423
703044.61085, 3,  -0.328,  9.624, -2.256
703044.63072, 3,  -0.991,  9.617, -2.182
703044.65059, 3,  -1.235,  9.760, -1.974, 4,  -0.001,  0.053, -0.102, 5,  19.980,-43.533,  6.546
703044.67045, 3,  -0.964,  9.842, -2.020
703044.69032, 3,  -0.658,  9.787, -1.785
703044.71019, 3,  -0.476,  9.672, -1.840, 4,  -0.009, -0.021, -0.051, 5,  20.325,-44.002,  6.499
703044.73005, 3,  -0.548,  9.724, -2.321
703044.74992, 3,  -0.390,  9.643, -2.254
703044.76979, 3,   0.036,  9.770, -2.398, 4,  -0.006, -0.029, -0.012, 5,  19.969,-44.012,  7.178
703044.78962, 3,  -0.112,  9.626, -2.309
703044.80949, 3,  -0.514,  9.717, -2.599
703044.82936, 3,  -0.653,  9.677, -2.943, 4,  -0.003, -0.026, -0.010, 5,  21.310,-43.642,  6.113
703044.84923, 3,  -0.395,  9.452, -3.058
703044.86909, 3,   0.132,  9.509, -3.228
703044.88896, 3,  -0.206,  9.507, -2.290, 4,   0.002, -0.022,  0.003, 5,  21.141,-43.317,  6.982
703044.90883, 3,  -0.096, 10.095, -3.168
703044.92869, 3,  -0.211,  9.277, -2.515
703044.94856, 3,  -0.239,  9.679, -2.479, 4,   0.005,  0.022, -0.011
703044.96843, 3,  -0.670,  9.779, -2.163
703044.98829, 3,  -0.541,  9.763, -2.395
703045.00816, 3,  -0.424,  9.607, -2.288, 4,   0.003,  0.014, -0.002, 5,  21.667,-43.634,  5.775
703045.02803, 3,  -0.242,  9.705, -2.144
703045.04789, 3,  -0.117,  9.796, -2.333
703045.06776, 3,  -0.053,  9.669, -2.486, 4,   0.004,  0.017,  0.016, 5,  20.789,-43.231,  7.564
703045.08760, 3,  -0.132,  9.578, -2.587
703045.10746, 3,  -0.273,  9.643, -2.596
703045.12733, 3,  -0.144,  9.689, -2.706, 4,   0.006,  0.042,  0.017, 5,  21.933,-43.675,  6.212
703045.14720, 3,   0.201,  9.598, -2.840
703045.16707, 3,   0.151,  9.569, -2.575
703045.18693, 3,  -0.127,  9.622, -2.606, 4,   0.003,  0.017,  0.011, 5,  21.095,-43.411,  6.837
703045.20683, 3,  -0.481,  9.667, -2.651
703045.22667, 3,  -0.022,  9.701, -2.367
703045.24653, 3,   0.378,  9.684, -2.472, 4,  -0.004, -0.062, -0.003, 5,  21.448,-43.645,  8.583
703045.26640, 3,   0.263,  9.672, -2.326
703045.28627, 3,  -0.105,  9.701, -2.223
703045.30613, 3,  -0.560,  9.660, -2.352, 4,   0.004, -0.007, -0.021
703045.32600, 3,  -0.794,  9.660, -2.558
703045.34587, 3,  -0.739,  9.684, -2.587
