703635.11842, 3,   0.605,  9.633, -2.600, 5, -27.274,-39.151, 19.817
703635.19557, 3,   0.581,  9.641, -2.683
703635.25517, 3,   0.596,  9.616, -2.574, 4,   0.015, -0.013,  0.036, 5, -26.291,-39.131, 21.228
703635.31477, 3,   0.605,  9.614, -2.526, 4,   0.002, -0.009,  0.004, 5, -25.626,-40.880, 21.663
703635.37434, 3,   0.569,  9.638, -2.519, 4,   0.000, -0.006,  0.003
703635.43394, 3,   0.551,  9.641, -2.438, 4,   0.000,  0.000,  0.001, 5, -24.693,-41.234, 22.006
703635.49357, 3,   0.350,  9.654, -2.432, 4,   0.002, -0.006,  0.002, 5, -25.529,-40.540, 21.765
703635.55314, 3,   0.170,  9.641, -2.523, 4,   0.002, -0.002,  0.008
703635.61274, 3,   0.358,  9.605, -2.528, 4,   0.003, -0.007,  0.026, 5, -24.229,-40.660, 22.301
703635.67234, 3,   0.528,  9.582, -2.792, 4,  -0.002,  0.018,  0.062, 5, -25.389,-40.344, 22.102
703635.73191, 3,   1.165,  9.537, -2.668, 4,   0.004,  0.025,  0.063, 5, -25.937,-39.122, 20.830
703635.79155, 3,   1.316,  9.609, -2.752, 4,  -0.004, -0.001,  0.059, 5, -26.321,-38.713, 21.272
703635.85115, 3,   1.078,  9.591, -2.593, 4,   0.007,  0.046,  0.021, 5, -25.949,-39.601, 21.031
703635.91072, 3,   0.680,  9.573, -2.668, 4,  -0.002,  0.020, -0.006
703635.97032, 3,   0.506,  9.585, -2.602, 4,  -0.004, -0.025, -0.022, 5, -25.821,-39.696, 20.831
703636.02992, 3,   0.257,  9.531, -2.595, 4,   0.001,  0.011, -0.020
703636.08952, 3,   0.461,  9.716, -2.761, 4,   0.007,  0.048, -0.008, 5, -24.930,-39.813, 21.616
703636.14912, 3,   0.770,  9.621, -2.189, 4,   0.013,  0.096,  0.004, 5, -24.783,-39.287, 21.663
703636.20872, 3,   0.963,  9.647, -2.196, 4,   0.001, -0.031,  0.020, 5, -26.651,-41.280, 22.731
703636.26829, 3,   0.851,  9.767, -2.623, 4,   0.005,  0.020,  0.018, 5, -25.647,-40.356, 21.120
703636.32789, 3,   0.243,  9.692, -2.453, 4,   0.001,  0.064,  0.005, 5, -26.315,-40.266, 22.000
703636.38752, 3,   0.790,  9.598, -2.536, 4,   0.008, -0.032,  0.008, 5, -25.829,-40.268, 20.845
703636.44709, 3,   0.327,  9.616, -2.595, 4,  -0.010, -0.093,  0.023, 5, -25.336,-41.959, 20.648
703636.50669, 3,   0.139,  9.595, -2.707, 4,  -0.003, -0.009,  0.031, 5, -24.637,-40.517, 20.795
703636.56630, 3,   0.309,  9.571, -2.477, 4,   0.009, -0.014,  0.052
703636.62590, 3,   0.822,  9.479, -3.073, 4,   0.009, -0.092,  0.088, 5, -26.067,-39.127, 21.414
703636.68550, 3,   1.360,  9.454, -3.395, 4,   0.007, -0.233,  0.105, 5, -26.022,-39.130, 22.821
703636.74510, 3,   0.932,  9.387, -3.454, 4,   0.003, -0.162,  0.088
703636.80467, 3,   1.062,  9.515, -2.977, 4,   0.012, -0.080,  0.051, 5, -26.471,-39.426, 23.451
703636.86427, 3,   0.724,  9.443, -3.549, 4,   0.011, -0.122,  0.034, 5, -26.384,-39.380, 22.726
703636.92390, 3,   0.782,  9.343, -2.798, 4,   0.021, -0.153,  0.014, 5, -26.524,-37.770, 23.499
703636.98347, 3,   1.101,  9.704, -3.115, 4,   0.007, -0.180,  0.020, 5, -27.017,-39.587, 23.010
703637.04307, 3,   1.217,  9.359, -3.352, 4,   0.017, -0.141,  0.011, 5, -25.639,-39.836, 24.181
703637.10267, 3,   0.897,  9.341, -3.268, 4,   0.018, -0.075, -0.010
703637.16227, 3,   0.803,  9.200, -3.475, 4,  -0.013, -0.004, -0.034, 5, -25.746,-38.797, 23.843
703637.22187, 3,   0.562,  9.548, -3.434, 4,  -0.026, -0.094, -0.041, 5, -24.649,-41.232, 24.911
703637.28147, 3,   1.012,  9.448, -3.076, 4,  -0.011, -0.116, -0.051, 5, -25.739,-38.416, 24.710
703637.34108, 3,   0.765,  8.845, -3.864, 4,  -0.013, -0.020, -0.063, 5, -25.586,-39.453, 23.164
703637.40065, 3,   1.381,  9.139, -3.921, 4,  -0.013, -0.016, -0.085, 5, -26.477,-39.566, 23.749
703637.46025, 3,   0.515,  9.666, -4.219, 4,   0.018,  0.255, -0.138, 5, -25.981,-41.093, 22.865
703637.51988, 3,   0.426,  9.543, -3.733, 4,  -0.007,  0.127, -0.172, 5, -25.082,-40.540, 22.484
703637.57945, 3,  -1.827,  9.519, -2.172, 4,  -0.051, -0.160, -0.217, 5, -24.771,-40.524, 23.166
703637.63905, 3,  -0.987,  9.500, -2.491, 4,  -0.043, -0.548, -0.185
703637.69865, 3,  -0.729,  9.494, -2.370, 4,  -0.027, -0.763, -0.053, 5, -23.503,-41.920, 23.746
703637.75822, 3,  -1.417,  9.827, -2.421, 4,  -0.007, -0.575,  0.020
703637.81785, 3,  -0.783,  9.490, -2.695, 4,   0.025, -0.357,  0.084, 5, -21.187,-41.441, 26.221
703637.87745, 3,   0.479,  9.099, -4.109, 4,   0.043, -0.167,  0.176, 5, -22.868,-41.193, 25.650
703637.93702, 3,   0.647,  9.221, -4.443, 4,   0.068,  0.135,  0.194, 5, -24.097,-40.421, 27.666
703637.99662, 3,   1.501,  8.846, -4.904, 4,   0.054,  0.312,  0.151, 5, -25.381,-38.551, 26.215
703638.05625, 3,   0.345,  9.280, -4.954, 4,   0.069,  0.406,  0.066, 5, -26.279,-38.817, 27.081
703638.11583, 3,  -0.944,  9.108, -3.486, 4,   0.033,  0.499, -0.039, 5, -24.619,-40.144, 26.363
703638.17543, 3,  -0.252,  9.090, -5.036, 4,  -0.010,  0.007, -0.059
703638.23503, 3,   0.047,  8.997, -5.542, 4,   0.059, -0.369, -0.037, 5, -24.135,-38.908, 27.469
703638.29460, 3,   1.345,  9.874, -2.128, 4,  -0.028, -0.174,  0.004
703638.35423, 3,  -1.062, 10.240, -1.483, 4,  -0.063,  0.619, -0.024, 5, -27.542,-39.171, 24.649
703638.41383, 3,  -0.923, 11.410,  1.178, 4,  -0.024,  1.043, -0.097, 5, -27.547,-39.461, 24.031
703638.47340, 3,   0.954,  8.709, -2.859, 4,  -0.031,  0.705, -0.101, 5, -29.869,-39.984, 22.095
703638.53300, 3,  -1.596,  9.586, -3.367, 4,   0.112,  0.726, -0.106, 5, -29.530,-40.637, 21.997
703638.59260, 3,   1.112,  9.526, -2.004, 4,  -0.125,  0.845, -0.122, 5, -29.318,-41.057, 20.964
703638.65220, 3,   2.493,  8.631, -5.692, 4,   0.124,  0.995, -0.149, 5, -31.149,-41.484, 19.617
703638.71180, 3,  -0.306,  9.189, -3.336, 4,   0.310,  1.339, -0.335, 5, -28.865,-42.662, 19.006
703638.77140, 3,  -0.571,  8.650, -2.665, 4,   0.114,  0.933, -0.539, 5, -29.018,-45.187, 17.365
703638.83100, 3,  -2.823, 10.067, -4.549, 4,   0.134,  0.295, -0.573
703638.89057, 3,  -0.648, 10.036, -2.948, 4,   0.005, -0.147, -0.507, 5, -28.104,-46.303, 16.687
703638.95018, 3,  -0.071,  8.744, -3.231, 4,  -0.087, -1.001, -0.330, 5, -24.710,-47.594, 18.494
703639.00978, 3,  -0.428,  9.304, -4.640, 4,  -0.050, -1.191, -0.249, 5, -22.388,-47.455, 21.599
703639.06935, 3,  -1.642,  9.811, -2.997, 4,  -0.098, -1.265, -0.158, 5, -21.420,-48.007, 22.084
703639.12895, 3,  -0.856,  9.382, -2.849, 4,  -0.098, -1.376, -0.046, 5, -18.140,-48.344, 23.685
703639.18856, 3,   0.068,  8.996, -3.849, 4,  -0.051, -1.398,  0.091, 5, -16.101,-46.735, 24.944
703639.24816, 3,  -0.878,  9.980, -3.789, 4,   0.032, -0.884,  0.160, 5, -16.245,-45.506, 26.198
703639.30776, 3,  -0.972,  9.570, -4.640, 4,   0.063, -0.241,  0.149, 5, -16.754,-46.420, 26.393
703639.36736, 3,  -0.942,  9.556, -2.030, 4,   0.070, -0.097,  0.101
703639.42693, 3,  -1.727,  9.596, -2.395, 4,   0.025, -0.253,  0.083, 5, -16.714,-44.707, 26.343
703639.48656, 3,  -0.682,  8.574, -3.318, 4,   0.031, -0.364,  0.102
703639.54616, 3,  -0.144, 10.045, -2.353, 4,   0.048, -0.243,  0.153, 5, -17.844,-45.357, 27.112
703639.60573, 3,  -1.819,  9.553, -4.011, 4,   0.044,  0.164,  0.146, 5, -16.983,-44.626, 27.406
703639.66533, 3,  -2.009,  9.271, -3.854, 4,   0.094,  0.049,  0.068, 5, -16.653,-45.853, 27.116
703639.72493, 3,  -0.595, 10.432, -2.741, 4,   0.056, -0.154,  0.099, 5, -20.091,-44.077, 25.847
703639.78453, 3,  -1.025, 10.506, -3.459, 4,   0.027, -0.065,  0.129, 5, -17.259,-44.783, 27.974
703639.84413, 3,  -0.467,  8.879, -3.514, 4,   0.106,  0.122,  0.096, 5, -17.142,-43.677, 27.600
703639.90373, 3,  -0.686,  9.476, -1.751, 4,   0.044,  0.144,  0.077
703639.96331, 3,  -1.169,  9.446, -3.821, 4,  -0.029,  0.174,  0.045, 5, -19.504,-43.826, 26.830
703640.02291, 3,  -1.919,  9.142, -3.830, 4,   0.024,  0.178, -0.008
703640.08254, 3,  -0.310, 10.092, -1.996, 4,  -0.022,  0.095,  0.006, 5, -20.036,-44.032, 26.329
703640.14211, 3,  -0.196,  8.471, -2.394, 4,  -0.017, -0.072,  0.028, 5, -20.253,-45.412, 25.656
703640.20171, 3,  -0.980, 10.642, -2.991, 4,   0.022, -0.036,  0.001, 5, -19.398,-44.678, 26.392
703640.26131, 3,  -0.471, 10.186, -2.931, 4,  -0.024, -0.084, -0.013, 5, -20.071,-43.987, 27.299
703640.32091, 3,  -1.110,  9.041, -1.963, 4,  -0.012, -0.250, -0.005, 5, -19.055,-45.723, 27.158
703640.38051, 3,  -0.969,  9.326, -3.517, 4,   0.028, -0.273,  0.019, 5, -19.344,-42.978, 27.686
703640.44011, 3,  -1.233,  8.960, -2.826, 4,   0.064, -0.143,  0.068, 5, -18.758,-44.673, 29.150
703640.49968, 3,  -0.337, 10.037, -2.286, 4,   0.020,  0.043,  0.099, 5, -18.465,-43.950, 28.091
703640.55928, 3,  -0.635,  8.530, -3.708, 4,   0.049,  0.024,  0.102
703640.61888, 3,  -0.518,  9.238, -3.378, 4,   0.082, -0.057,  0.073, 5, -18.808,-43.094, 27.832
703640.67852, 3,  -0.194,  8.408, -3.722, 4,  -0.023,  0.039,  0.102, 5, -19.270,-43.675, 27.933
703640.73809, 3,  -0.410, 10.855, -1.996, 4,  -0.005,  0.124,  0.065, 5, -19.855,-43.704, 27.293
703640.79769, 3,   0.258,  9.338, -4.037, 4,  -0.047,  0.248,  0.044, 5, -18.935,-42.671, 28.418
703640.85729, 3,  -0.640, 10.595, -2.189, 4,   0.010,  0.131, -0.023, 5, -20.262,-44.229, 27.348
703640.91689, 3,  -1.006,  8.604, -4.239, 4,  -0.113,  0.143, -0.056, 5, -19.244,-42.691, 28.706
703640.97649, 3,  -0.684,  9.299, -1.469, 4,   0.005, -0.079, -0.073, 5, -19.632,-43.544, 27.235
703641.03609, 3,  -1.033,  8.691, -3.616, 4,  -0.069, -0.073, -0.065, 5, -19.312,-43.584, 25.937
703641.09566, 3,  -1.394,  9.046, -0.979, 4,   0.009, -0.096, -0.069
703641.15526, 3,  -0.866,  9.878, -2.472, 4,  -0.046, -0.130, -0.036, 5, -20.197,-43.141, 27.103
703641.21489, 3,  -0.443,  9.288, -4.263, 4,  -0.027, -0.182,  0.035, 5, -19.370,-43.983, 27.832
703641.27446, 3,  -0.887, 10.812, -2.753, 4,   0.076, -0.156,  0.034, 5, -19.547,-44.202, 28.178
703641.33406, 3,   0.178,  9.058, -2.509, 4,  -0.053, -0.020,  0.067, 5, -20.076,-43.942, 27.065
703641.39366, 3,  -1.075,  8.605, -3.149, 4,   0.012, -0.083,  0.034, 5, -20.549,-43.289, 28.555
703641.45323, 3,  -0.903, 10.366, -3.048, 4,   0.018, -0.106,  0.048, 5, -20.642,-43.291, 28.554
703641.51287, 3,  -0.200, 10.516, -2.475, 4,  -0.011, -0.153,  0.114, 5, -20.029,-43.752, 28.072
703641.57247, 3,   0.136,  8.998, -3.613, 4,   0.052, -0.033,  0.137, 5, -19.881,-43.410, 28.265
703641.63207, 3,   0.308, 10.039, -0.475, 4,   0.055,  0.132,  0.123
703641.69164, 3,  -0.124,  8.585, -3.275, 4,  -0.042,  0.178,  0.089, 5, -21.355,-43.399, 27.641
703641.75124, 3,  -1.492, 11.373, -2.295, 4,   0.087,  0.338,  0.010
703641.81087, 3,  -0.770,  9.739, -2.623, 4,  -0.033,  0.411, -0.031, 5, -20.276,-42.996, 27.679
703641.87044, 3,  -0.201,  9.293, -4.123, 4,   0.037,  0.025, -0.063, 5, -21.568,-43.068, 26.857
703641.93004, 3,   0.881,  9.958, -1.113, 4,   0.059, -0.083, -0.054, 5, -20.064,-43.224, 27.155
703641.98964, 3,  -0.276, 10.118, -3.471, 4,  -0.059, -0.118, -0.035, 5, -20.145,-43.137, 27.246
703642.04921, 3,  -0.555,  8.851, -1.803, 4,   0.061, -0.167, -0.122, 5, -19.630,-44.029, 28.560
703642.10823, 3,  -0.971,  9.984, -2.548, 4,  -0.062, -0.064, -0.106, 5, -20.052,-44.756, 27.974
703642.16844, 3,  -1.544,  8.687, -1.165, 4,  -0.061, -0.014, -0.092
703642.22801, 3,  -1.576,  8.837, -3.057, 4,  -0.030, -0.235, -0.071, 5, -18.498,-42.900, 28.558
703642.28762, 3,  -0.400, 10.155, -2.781, 4,  -0.011, -0.426,  0.071
703642.34725, 3,   0.723,  9.225, -0.784, 4,   0.005, -0.158,  0.151, 5, -18.636,-44.669, 28.607
703642.40682, 3,  -0.395, 10.097, -4.761, 4,   0.071,  0.068,  0.140, 5, -18.973,-44.110, 28.560
703642.46642, 3,  -0.313,  9.217, -1.042, 4,   0.053,  0.219,  0.076, 5, -20.018,-43.367, 28.557
703642.52602, 3,   0.218, 11.147, -3.246, 4,  -0.042,  0.041,  0.032, 5, -19.354,-43.497, 29.045
703642.58559, 3,  -1.389,  9.216, -3.833, 4,   0.040, -0.007,  0.028, 5, -19.473,-42.973, 28.113
703642.64522, 3,  -0.631,  9.433, -1.775, 4,   0.061,  0.004, -0.008, 5, -21.918,-42.801, 27.299
703642.70482, 3,  -0.147, 10.641, -2.599, 4,  -0.046, -0.007,  0.041, 5, -19.614,-43.359, 28.558
703642.76439, 3,  -0.217,  8.605, -1.293, 4,  -0.005,  0.154,  0.058, 5, -20.001,-42.560, 27.966
703642.82399, 3,  -0.311,  9.445, -2.489, 4,   0.050,  0.240, -0.045
703642.88359, 3,  -0.890, 10.595, -2.437, 4,  -0.038,  0.147, -0.088, 5, -20.261,-44.231, 26.625
703642.94319, 3,  -0.483,  9.531, -1.854, 4,  -0.014, -0.175, -0.077, 5, -22.565,-43.945, 26.375
703643.00279, 3,  -1.349, 10.371, -4.746, 4,   0.013, -0.230, -0.041, 5, -20.135,-42.561, 26.958
703643.06240, 3,   0.021,  9.650, -1.528, 4,   0.037, -0.165,  0.010, 5, -19.057,-43.962, 27.498
703643.12200, 3,   0.012,  9.875, -2.372, 4,  -0.022, -0.115,  0.040, 5, -20.070,-45.609, 28.760
703643.18157, 3,  -0.682,  9.006, -2.162, 4,   0.034,  0.049,  0.049
703643.24120, 3,  -0.926,  8.977, -2.061, 4,  -0.001,  0.043,  0.044, 5, -18.515,-43.765, 29.286
703643.30080, 3,  -0.256, 10.606, -1.791, 4,  -0.022, -0.059,  0.043, 5, -20.349,-44.038, 27.789
703643.36037, 3,  -0.759,  8.674, -3.189, 4,  -0.005, -0.132,  0.063
703643.41997, 3,  -0.929,  9.705, -3.505, 4,   0.091, -0.011,  0.052, 5, -20.613,-43.916, 29.237
703643.47957, 3,   0.266, 10.053, -1.671, 4,   0.016,  0.148,  0.047
703643.53917, 3,  -0.595,  9.098, -3.383, 4,  -0.012,  0.151,  0.045, 5, -19.333,-42.548, 29.044
703643.59877, 3,  -0.302, 10.229, -1.981, 4,   0.068,  0.126, -0.020, 5, -21.591,-42.024, 28.256
703643.65837, 3,  -0.694,  9.104, -2.029, 4,  -0.040,  0.160, -0.062, 5, -20.749,-42.064, 27.925
703643.71794, 3,  -0.547,  8.908, -2.619, 4,   0.001, -0.035, -0.067, 5, -20.175,-42.659, 28.554
703643.77758, 3,  -0.018,  8.745, -2.420, 4,  -0.004, -0.116, -0.045, 5, -20.399,-42.290, 28.116
703643.83718, 3,  -0.828,  9.979, -3.833, 4,  -0.021, -0.003, -0.028, 5, -19.098,-41.826, 28.554
703643.89675, 3,   0.084, 10.524, -0.605, 4,  -0.000,  0.095, -0.055
703643.95635, 3,  -0.420,  9.741, -3.014, 4,  -0.095, -0.031, -0.041, 5, -20.946,-42.725, 28.256
703644.01595, 3,  -1.273,  9.567, -2.624, 4,  -0.021, -0.192, -0.052
703644.07558, 3,  -0.372, 10.568, -1.394, 4,  -0.072, -0.211,  0.007, 5, -19.342,-42.876, 27.779
703644.13515, 3,  -1.618,  8.671, -4.592, 4,  -0.035, -0.184,  0.049, 5, -18.781,-45.723, 30.551
703644.19475, 3,  -1.137, 10.445, -1.216, 4,   0.067, -0.116,  0.067, 5, -20.662,-42.598, 31.450
703644.25435, 3,  -0.313, 11.269, -3.556, 4,  -0.024, -0.075,  0.133, 5, -19.864,-42.557, 28.021
703644.31392, 3,  -0.654,  7.917, -2.749, 4,   0.088,  0.042,  0.128, 5, -20.969,-41.870, 27.826
703644.37355, 3,   0.035, 10.371, -2.402, 4,   0.038,  0.137,  0.081
703644.43315, 3,  -0.906, 10.103, -2.896, 4,   0.006,  0.180,  0.041, 5, -20.654,-41.956, 27.872
703644.49272, 3,  -0.928,  7.260, -0.980, 4,   0.050,  0.170,  0.010, 5, -21.509,-40.694, 27.348
703644.55232, 3,  -1.296, 10.193, -4.685, 4,   0.079,  0.035,  0.009
703644.61193, 3,  -0.763, 10.005, -2.376, 4,   0.060,  0.152,  0.039, 5, -21.721,-42.027, 27.963
703644.67153, 3,   0.280,  8.200, -2.275, 4,   0.017,  0.180,  0.043, 5, -21.364,-43.823, 27.205
703644.73113, 3,  -0.599, 10.463, -2.414, 4,   0.038,  0.185,  0.010, 5, -21.352,-43.211, 26.566
703644.79073, 3,  -0.320, 10.165, -2.560, 4,  -0.070,  0.316, -0.051, 5, -21.091,-43.298, 26.663
703644.85030, 3,  -0.724,  9.358, -1.748, 4,  -0.018,  0.244, -0.118, 5, -22.459,-43.095, 26.129
703644.90990, 3,  -0.928,  8.394, -3.862, 4,  -0.051,  0.253, -0.142
703644.96953, 3,  -0.711,  9.484, -1.955, 4,  -0.018, -0.102, -0.163, 5, -21.120,-44.441, 25.511
703645.02910, 3,  -0.295, 10.377, -2.322, 4,  -0.088, -0.310, -0.105, 5, -20.424,-45.370, 27.837
703645.08870, 3,  -0.265,  9.539, -3.407, 4,   0.009, -0.279, -0.037
703645.14830, 3,  -0.562,  9.584, -1.135, 4,   0.007, -0.045, -0.043, 5, -20.898,-44.719, 27.106
703645.20793, 3,  -0.513, 10.791, -2.734, 4,  -0.083, -0.039, -0.043, 5, -19.397,-45.404, 28.560
703645.26750, 3,  -1.880,  9.609, -2.880, 4,   0.028, -0.201, -0.038, 5, -19.749,-46.829, 26.578
703645.32711, 3,  -0.578,  8.827, -0.914, 4,  -0.034, -0.265,  0.020, 5, -18.796,-44.760, 28.561
703645.38671, 3,  -0.298, 10.099, -3.408, 4,   0.009, -0.235,  0.069, 5, -19.621,-43.837, 29.285
703645.44628, 3,  -1.085,  8.699, -2.051, 4,   0.102, -0.035,  0.107, 5, -19.264,-43.260, 29.283
703645.50591, 3,  -0.601,  9.471, -3.738, 4,   0.035,  0.009,  0.108, 5, -20.236,-43.047, 29.282
703645.56551, 3,  -0.035, 10.413, -0.728, 4,   0.084, -0.000,  0.107
703645.62508, 3,  -0.488, 10.248, -3.287, 4,  -0.031,  0.206,  0.125, 5, -20.296,-43.709, 28.699
703645.68468, 3,  -0.731,  8.031, -2.872, 4,   0.097,  0.169,  0.037, 5, -22.325,-42.616, 27.193
703645.74428, 3,  -0.396, 11.032, -1.570, 4,  -0.024,  0.246,  0.015
703645.80388, 3,  -0.127,  9.371, -5.175, 4,  -0.017,  0.142, -0.009, 5, -20.677,-43.004, 27.101
703645.86348, 3,  -0.317, 10.023, -2.531, 4,   0.075,  0.125, -0.061, 5, -21.336,-42.599, 27.339
703645.92308, 3,  -0.471,  9.874, -1.460, 4,  -0.065,  0.115, -0.099, 5, -19.987,-41.945, 27.100
703645.98265, 3,  -0.195,  9.182, -3.047, 4,  -0.044,  0.010, -0.103, 5, -21.669,-45.027, 25.356
703646.04225, 3,  -0.529, 10.351, -2.990, 4,   0.002, -0.093, -0.096, 5, -20.004,-42.555, 25.934
703646.10189, 3,  -0.375, 10.109, -1.417, 4,  -0.044, -0.037, -0.097
703646.16146, 3,  -1.092,  9.548, -2.493, 4,  -0.042, -0.177, -0.098, 5, -21.028,-44.720, 25.990
703646.22106, 3,  -1.105,  8.977, -3.981, 4,   0.021, -0.360, -0.063, 5, -19.191,-44.104, 27.640
703646.28066, 3,  -0.582, 11.059, -1.911, 4,   0.044, -0.356,  0.019
703646.34023, 3,  -0.073,  7.650, -1.778, 4,  -0.050, -0.100,  0.089, 5, -19.357,-43.640, 28.558
703646.39986, 3,  -0.603, 11.419, -4.504, 4,   0.059, -0.132,  0.067, 5, -19.336,-42.693, 28.984
703646.45946, 3,  -0.810,  8.536,  0.473, 4,   0.008,  0.002,  0.080, 5, -19.987,-43.945, 29.195
703646.51906, 3,  -0.384,  7.764, -4.683, 4,  -0.075, -0.096,  0.095, 5, -19.107,-42.540, 28.802
703646.57863, 3,  -0.947,  9.626, -1.645, 4,   0.138, -0.108,  0.097, 5, -19.603,-42.548, 27.103
703646.63826, 3,  -0.549, 11.406, -2.613, 4,  -0.058,  0.184,  0.121
703646.69786, 3,   0.132,  8.926, -2.824, 4,   0.050,  0.086,  0.099, 5, -19.568,-41.310, 27.827
703646.75743, 3,  -0.221,  8.803, -1.920, 4,   0.035,  0.182,  0.075
703646.81703, 3,  -0.857, 10.507, -3.373, 4,   0.005,  0.199,  0.028, 5, -21.167,-41.164, 27.824
703646.87664, 3,  -0.014,  9.613, -1.224, 4,  -0.011,  0.189,  0.001, 5, -21.555,-42.358, 28.307
703646.93624, 3,  -0.806,  7.803, -2.347, 4,  -0.044,  0.113, -0.030, 5, -21.243,-40.498, 26.421
703646.99584, 3,  -1.115, 12.041, -2.980, 4,   0.018,  0.120, -0.061, 5, -20.662,-42.294, 27.100
703647.05544, 3,  -0.324,  9.994, -1.417, 4,  -0.026,  0.087, -0.053, 5, -20.410,-42.516, 26.765
703647.11501, 3,  -0.507,  8.305, -4.120, 4,   0.024, -0.057, -0.054, 5, -20.186,-42.557, 25.122
703647.17461, 3,  -0.887, 11.978, -1.511, 4,   0.049,  0.039, -0.076
703647.23424, 3,  -0.721,  9.519, -2.414, 4,  -0.072,  0.068, -0.075, 5, -20.831,-43.286, 24.733
703647.29381, 3,  -0.894,  7.762, -3.533, 4,   0.055, -0.111, -0.086
703647.35341, 3,  -0.046, 11.143, -1.007, 4,  -0.048, -0.108, -0.050, 5, -19.815,-44.733, 24.719
703647.41301, 3,  -0.331,  8.183, -3.371, 4,  -0.060, -0.214, -0.018, 5, -20.142,-44.601, 26.382
703647.47261, 3,  -1.291, 11.505, -3.139, 4,   0.031, -0.101, -0.015
703647.53221, 3,  -0.685,  8.986, -0.735, 4,  -0.107, -0.047,  0.018, 5, -19.377,-44.441, 27.354
703647.59181, 3,  -0.730,  9.291, -1.686, 4,  -0.028, -0.113,  0.024, 5, -19.115,-44.519, 25.380
703647.65142, 3,  -1.101, 10.166, -1.463, 4,  -0.026,  0.055,  0.067, 5, -18.048,-44.652, 27.737
703647.71099, 3,  -0.842,  9.640, -2.462, 4,  -0.000, -0.054,  0.050, 5, -18.599,-43.427, 28.372
703647.77059, 3,   0.010,  9.449, -2.415, 4,   0.163, -0.251,  0.054, 5, -19.102,-43.965, 27.835
703647.83022, 3,   0.061,  9.254, -3.210, 4,   0.005,  0.004,  0.135
703647.88979, 3,  -1.130,  8.536, -3.495, 4,   0.078,  0.129,  0.053, 5, -18.478,-43.707, 26.627
703647.94939, 3,  -0.132,  9.721, -0.285, 4,   0.039,  0.224,  0.029, 5, -20.047,-44.600, 27.785
703648.00899, 3,  -0.027, 10.407, -2.378, 4,  -0.133,  0.139,  0.041, 5, -21.104,-43.872, 26.521
703648.06859, 3,   0.267,  9.683, -3.112, 4,   0.020, -0.046,  0.024, 5, -19.319,-43.913, 25.992
703648.12819, 3,   0.333,  9.565, -1.011, 4,  -0.083,  0.080, -0.007, 5, -20.020,-43.271, 26.909
703648.18779, 3,  -0.669,  8.766, -4.220, 4,   0.004, -0.180, -0.054, 5, -19.373,-43.967, 26.385
703648.24736, 3,  -1.490, 11.200, -2.158, 4,   0.105, -0.071, -0.046, 5, -20.210,-43.988, 27.106
703648.30696, 3,  -0.701,  8.672, -1.586, 4,  -0.020,  0.101, -0.025, 5, -20.369,-42.952, 28.221
703648.36659, 3,  -0.578,  8.956, -3.289, 4,   0.100, -0.008, -0.046
703648.42620, 3,  -0.300,  9.323, -1.073, 4,   0.023,  0.081, -0.010, 5, -19.498,-44.067, 28.514
703648.48577, 3,   0.092,  8.106, -2.404, 4,  -0.043, -0.093, -0.037
703648.54537, 3,  -1.093, 10.054, -2.702, 4,   0.029, -0.150, -0.024, 5, -19.826,-44.446, 27.597
703648.60497, 3,  -0.562, 10.770, -2.384, 4,  -0.075, -0.074,  0.017, 5, -19.362,-43.837, 29.146
703648.66457, 3,   0.301,  9.641, -1.371, 4,  -0.033, -0.097,  0.020, 5, -19.380,-44.592, 28.561
703648.72417, 3,  -1.062,  9.079, -3.512, 4,  -0.026, -0.044,  0.032, 5, -19.917,-42.746, 28.555
703648.78377, 3,  -0.709,  8.814, -1.377, 4,  -0.004, -0.098,  0.025, 5, -19.630,-43.977, 27.969
703648.84334, 3,  -0.345, 10.162, -3.183, 4,  -0.032, -0.138,  0.045, 5, -21.362,-44.017, 26.877
703648.90295, 3,  -0.919, 10.560, -3.040, 4,   0.074, -0.024,  0.069
703648.96259, 3,  -0.677,  8.161, -1.149, 4,   0.031,  0.099,  0.054, 5, -19.475,-42.551, 29.128
703649.02216, 3,  -0.305,  9.086, -2.813, 4,   0.075, -0.044,  0.045
703649.08176, 3,  -0.420, 10.841, -2.810, 4,   0.071,  0.083,  0.089, 5, -20.699,-41.814, 28.941
703649.14136, 3,   0.120,  4.877, -5.425, 4,   0.042,  0.133,  0.050, 5, -20.345,-41.855, 28.162
703649.20096, 3,   0.260, 12.018,  1.838, 4,   0.038,  0.154, -0.007, 5, -20.618,-40.445, 28.546
703649.26056, 3,  -0.076, 10.752, -3.377, 4,  -0.313,  0.194,  0.006, 5, -19.510,-42.549, 27.831
703649.32016, 3,  -1.441,  8.870, -3.178, 4,  -0.017, -0.075, -0.105, 5, -21.017,-44.051, 27.104
703649.37976, 3,  -1.943,  8.803,  0.962, 4,  -0.095, -0.013, -0.078, 5, -20.859,-44.849, 26.529
703649.43933, 3,  -0.738, 10.602, -6.346, 4,  -0.074, -0.202, -0.003, 5, -20.728,-43.246, 27.783
703649.49896, 3,  -0.549, 10.019, -1.368, 4,   0.198, -0.169,  0.078, 5, -21.326,-42.113, 27.098
703649.55856, 3,  -0.455, 10.244, -1.899, 4,  -0.028,  0.172,  0.118
703649.61813, 3,  -0.422, 10.686, -0.259, 4,   0.117,  0.032,  0.093, 5, -22.673,-42.622, 26.653
703649.67773, 3,  -0.781,  7.148, -4.970, 4,   0.049,  0.184,  0.081, 5, -22.609,-43.854, 27.100
703649.73734, 3,  -1.047, 12.286, -1.922, 4,   0.144,  0.167,  0.047, 5, -20.833,-41.956, 25.836
703649.79694, 3,   0.763,  9.878, -2.925, 4,  -0.075,  0.250,  0.069, 5, -21.996,-42.178, 26.665
703649.85654, 3,  -0.573,  8.024, -6.548, 4,   0.083,  0.090,  0.008, 5, -20.422,-41.379, 25.891
703649.91614, 3,   0.025,  8.766,  3.775, 4,   0.069,  0.373, -0.042, 5, -22.624,-40.532, 26.367
703649.97571, 3,   0.728, 10.535, -8.289, 4,  -0.178,  0.258, -0.122, 5, -22.655,-41.766, 25.786
703650.03531, 3,  -1.476,  6.917, -0.766, 4,   0.212,  0.076, -0.190, 5, -21.420,-41.823, 25.256
703650.09494, 3,  -0.325, 11.998, -1.246, 4,  -0.145,  0.195, -0.224
703650.15454, 3,  -0.137,  8.534, -2.205, 4,  -0.076, -0.121, -0.201, 5, -19.832,-42.741, 24.199
703650.21411, 3,  -0.022,  8.774, -2.821, 4,  -0.025, -0.209, -0.165, 5, -19.360,-43.248, 24.203
703650.27371, 3,   0.539, 10.149, -1.389, 4,  -0.007, -0.284, -0.167, 5, -19.704,-43.068, 24.391
703650.33331, 3,  -0.908,  9.730, -4.369, 4,  -0.078, -0.312, -0.119, 5, -21.436,-43.259, 25.607
703650.39291, 3,  -2.360,  8.518, -1.633, 4,   0.041, -0.419, -0.148, 5, -18.806,-42.674, 27.242
703650.45251, 3,  -2.121,  9.827, -1.078, 4,  -0.083, -0.353, -0.026, 5, -18.774,-45.244, 26.294
703650.51212, 3,  -1.239,  9.337, -3.706, 4,   0.032, -0.536,  0.135, 5, -19.342,-42.534, 26.378
703650.57169, 3,   0.904, 16.220, -0.577, 4,   0.109, -0.307,  0.278, 5, -20.932,-42.577, 25.519
703650.63129, 3,   0.265,  4.616, -2.087, 4,   0.027,  0.012,  0.313
703650.69092, 3,  -0.898,  9.328, -2.290, 4,   0.219, -0.017,  0.230, 5, -20.961,-41.246, 26.466
703650.75049, 3,  -0.596,  8.173, -1.976, 4,  -0.028,  0.421,  0.226
703650.81009, 3,   0.165, 13.858, -6.180, 4,   0.003,  0.389,  0.100, 5, -21.053,-41.585, 25.645
703650.86969, 3,  -0.464,  7.277,  1.647, 4,   0.089,  0.354,  0.022, 5, -21.082,-41.148, 25.653
703650.92932, 3,  -0.522, 10.096, -5.495, 4,  -0.159,  0.258,  0.021, 5, -23.277,-41.823, 26.320
703650.98889, 3,  -0.335,  9.882, -1.031, 4,   0.091,  0.111,  0.012, 5, -22.121,-41.606, 24.483
703651.04849, 3,  -0.019,  9.075, -2.855, 4,   0.005,  0.350, -0.005, 5, -22.340,-41.518, 25.255
703651.10809, 3,  -1.082,  8.564, -2.848, 4,   0.007,  0.446, -0.111, 5, -21.167,-42.770, 22.942
703651.16766, 3,   0.288, 10.706, -1.158, 4,  -0.039,  0.246, -0.176
703651.22729, 3,   0.147, 10.413, -3.462, 4,  -0.037,  0.074, -0.162, 5, -21.338,-42.397, 23.468
703651.28690, 3,  -0.516,  8.867, -2.793, 4,  -0.005,  0.141, -0.194
703651.34647, 3,   0.411,  9.978, -0.411, 4,  -0.083, -0.072, -0.219, 5, -22.972,-43.285, 21.036
703651.40607, 3,  -0.513,  9.145, -3.974, 4,  -0.046, -0.408, -0.185, 5, -18.855,-44.366, 21.594
703651.46567, 3,  -1.876,  9.683, -2.992, 4,   0.025, -0.400, -0.148, 5, -18.152,-45.222, 23.436
703651.52527, 3,   0.403,  9.886,  0.081, 4,  -0.061, -0.426, -0.075, 5, -19.191,-45.859, 22.746
703651.58487, 3,  -0.355,  8.793, -3.680, 4,   0.019, -0.473, -0.005, 5, -18.472,-45.502, 23.775
703651.64447, 3,  -0.847,  9.204, -1.782, 4,   0.067, -0.312,  0.046, 5, -17.984,-45.547, 22.954
703651.70404, 3,   0.014, 10.827, -0.916, 4,  -0.057, -0.329,  0.069, 5, -18.001,-46.161, 24.210
703651.76364, 3,  -0.615,  9.298, -4.124, 4,   0.059, -0.388,  0.126, 5, -19.020,-45.813, 25.374
703651.82327, 3,  -0.782,  8.135, -2.473, 4,   0.044, -0.089,  0.155
703651.88287, 3,  -0.458, 10.945, -1.179, 4,   0.023, -0.037,  0.146, 5, -19.664,-47.295, 25.188
703651.94244, 3,  -1.280, 10.684, -5.104, 4,   0.017,  0.045,  0.161, 5, -20.026,-45.508, 25.607
703652.00204, 3,  -1.205,  7.535, -1.814, 4,   0.092,  0.123,  0.122, 5, -21.059,-47.432, 25.519
703652.06165, 3,  -0.993,  9.874, -0.027, 4,   0.011,  0.146,  0.135, 5, -20.438,-47.940, 26.053
703652.12125, 3,  -1.377, 10.294, -4.853, 4,   0.019,  0.213,  0.154, 5, -21.655,-48.433, 25.189
703652.18085, 3,  -1.781,  8.838, -0.497, 4,   0.118,  0.287,  0.124, 5, -22.772,-46.899, 25.655
703652.24045, 3,   0.710, 10.246, -1.335, 4,  -0.050,  0.290,  0.131, 5, -23.938,-47.269, 27.451
703652.30002, 3,   0.587,  8.972, -3.722, 4,   0.035,  0.241,  0.118, 5, -24.100,-46.643, 27.406
703652.35965, 3,  -0.391,  7.110, -2.195, 4,   0.058,  0.508, -0.013
703652.41925, 3,  -0.237, 10.831, -1.870, 4,  -0.014,  0.516, -0.144, 5, -24.791,-47.618, 25.700
703652.47885, 3,  -0.693, 10.360, -3.042, 4,  -0.045,  0.333, -0.207
703652.53842, 3,  -1.043,  8.829, -3.324, 4,   0.063,  0.030, -0.285, 5, -22.801,-48.332, 27.840
703652.59802, 3,  -0.467,  7.167, -0.753, 4,  -0.053, -0.139, -0.270, 5, -21.896,-49.738, 28.711
703652.65765, 3,  -0.394, 10.141, -3.754, 4,  -0.052, -0.507, -0.159, 5, -20.215,-48.082, 30.450
703652.71722, 3,  -0.273, 10.464, -2.398, 4,   0.033, -0.402, -0.072, 5, -19.601,-46.837, 31.094
703652.77682, 3,   0.835,  9.460, -1.660, 4,  -0.075, -0.209, -0.008, 5, -18.755,-46.529, 29.294
703652.83643, 3,  -0.328,  8.797, -1.173, 4,  -0.008, -0.281,  0.006, 5, -19.185,-46.344, 30.264
703652.89600, 3,  -1.797,  9.976, -4.693, 4,   0.018, -0.171,  0.014
703652.95563, 3,  -0.022,  9.598,  0.070, 4,   0.011, -0.204,  0.035, 5, -18.570,-44.238, 30.598
703653.01523, 3,  -0.629,  9.206, -4.487, 4,  -0.030, -0.242,  0.092
703653.07480, 3,  -1.349,  8.837, -0.360, 4,   0.099, -0.038,  0.107, 5, -19.040,-43.253, 28.452
703653.13440, 3,  -0.629, 10.713, -2.885, 4,  -0.069,  0.269,  0.076, 5, -18.698,-44.095, 30.211
703653.19400, 3,  -0.944, 10.154, -4.258, 4,   0.085,  0.055,  0.036, 5, -18.019,-43.227, 28.563
703653.25363, 3,  -0.592,  8.997, -1.156, 4,   0.005,  0.127, -0.006, 5, -19.838,-43.083, 28.940
703653.31320, 3,   0.644, 11.084, -3.495, 4,  -0.067, -0.155, -0.012, 5, -18.336,-41.893, 28.513
703653.37280, 3,  -0.266,  9.113, -3.888, 4,   0.049, -0.268,  0.035, 5, -18.251,-41.803, 27.396
703653.43240, 3,  -1.550,  9.241, -1.894, 4,   0.009, -0.257,  0.024, 5, -18.707,-42.485, 28.555
703653.49197, 3,  -0.558,  9.704, -2.300, 4,  -0.038, -0.163,  0.078, 5, -18.660,-42.290, 28.075
703653.55161, 3,  -1.532,  9.877, -2.469, 4,   0.004,  0.054,  0.104
703653.61121, 3,  -1.639,  7.526, -0.377, 4,   0.027,  0.106,  0.086, 5, -19.481,-42.978, 27.982
703653.67078, 3,  -0.084, 13.042, -3.499, 4,  -0.032,  0.026,  0.142, 5, -19.429,-42.639, 26.477
703653.73038, 3,  -0.060,  8.821, -2.264, 4,   0.059,  0.092,  0.178, 5, -20.615,-43.910, 27.737
703653.79001, 3,  -0.354,  8.313, -2.567, 4,   0.020,  0.311,  0.113, 5, -19.850,-41.975, 26.950
703653.84958, 3,  -0.014,  8.930, -1.469, 4,   0.035,  0.242,  0.042, 5, -21.805,-43.553, 25.412
703653.90918, 3,  -0.658, 11.547, -5.000, 4,   0.034,  0.237,  0.024
703653.96878, 3,  -0.528,  8.874, -3.132, 4,   0.097,  0.270, -0.031, 5, -22.523,-41.466, 23.889
703654.02838, 3,  -0.634,  9.762, -1.554, 4,  -0.024,  0.368, -0.093, 5, -20.615,-42.241, 25.986
703654.08798, 3,  -1.283,  9.417, -3.021, 4,   0.009,  0.158, -0.142
703654.14758, 3,  -0.546,  8.938, -2.028, 4,  -0.033,  0.099, -0.140, 5, -21.158,-42.584, 26.375
703654.20718, 3,   0.316, 11.141, -2.756, 4,  -0.009,  0.011, -0.144, 5, -20.023,-43.280, 27.826
703654.26675, 3,  -0.037,  9.349, -2.943, 4,   0.003, -0.026, -0.137, 5, -20.872,-43.666, 25.844
703654.32635, 3,  -0.527,  8.558, -2.998, 4,  -0.057, -0.118, -0.153, 5, -19.063,-44.293, 25.700
703654.38599, 3,   0.931,  9.002,  0.428, 4,  -0.039, -0.275, -0.162, 5, -18.697,-43.817, 26.236
703654.44556, 3,  -1.946, 10.892, -4.656, 4,  -0.093, -0.331, -0.117, 5, -17.471,-44.720, 24.301
703654.50516, 3,  -0.920,  8.376, -1.458, 4,   0.009, -0.384, -0.081, 5, -17.389,-44.632, 26.147
703654.56476, 3,  -0.455,  9.012, -1.806, 4,  -0.054, -0.306,  0.026, 5, -18.721,-44.948, 27.403
703654.62433, 3,  -1.365,  7.885, -2.448, 4,   0.043, -0.119,  0.085
703654.68335, 3,  -0.858, 11.561, -2.222, 4,   0.007, -0.082,  0.125, 5, -16.087,-42.648, 27.296
703654.74356, 3,   0.595,  8.499, -3.167, 4,   0.023, -0.287,  0.129
703654.80316, 3,   0.621,  9.810, -1.279, 4,   0.053, -0.242,  0.181, 5, -17.612,-42.635, 27.531
703654.86273, 3,  -1.074,  9.843, -3.500, 4,  -0.017, -0.030,  0.141, 5, -16.446,-42.474, 28.316
703654.92233, 3,  -1.497,  8.676, -1.779, 4,   0.115,  0.000,  0.061, 5, -17.438,-43.166, 29.810
703654.98196, 3,  -1.071,  9.225, -2.221, 4,  -0.008,  0.067,  0.110, 5, -18.117,-41.945, 28.854
703655.04153, 3,  -1.040, 10.769, -4.223, 4,   0.097,  0.167,  0.125, 5, -18.373,-41.093, 27.438
703655.10114, 3,   0.298,  9.570, -0.720, 4,   0.067,  0.266,  0.120
703655.16074, 3,   0.308,  8.737, -3.874, 4,   0.004,  0.096,  0.090, 5, -19.666,-41.321, 28.297
703655.22034, 3,  -0.073, 10.089, -1.929, 4,   0.055,  0.126,  0.052, 5, -18.166,-41.946, 25.844
703655.27994, 3,  -0.452,  9.385, -1.563, 4,  -0.096,  0.263,  0.012
703655.33954, 3,  -1.540, 10.174, -3.119, 4,   0.007,  0.168, -0.046, 5, -17.630,-42.189, 26.750
703655.39911, 3,  -0.252, 10.213, -2.490, 4,   0.029,  0.094, -0.058, 5, -19.542,-39.134, 26.941
703655.45871, 3,  -0.453,  8.796, -2.208, 4,  -0.031,  0.043, -0.024, 5, -19.983,-39.703, 26.369
703655.51834, 3,  -0.538,  9.123, -1.922, 4,   0.070,  0.007, -0.010, 5, -20.860,-41.153, 26.372
703655.57794, 3,  -0.169,  9.945, -3.108, 4,  -0.010,  0.128,  0.008, 5, -20.503,-40.855, 26.079
703655.63751, 3,   0.296, 10.107, -2.432, 4,  -0.004,  0.147, -0.015
703655.69711, 3,  -0.413, 10.628, -3.632, 4,   0.076,  0.147, -0.044, 5, -19.643,-40.590, 24.477
703655.75671, 3,  -1.048,  9.521, -1.644, 4,   0.001,  0.248, -0.090, 5, -19.189,-42.108, 25.940
703655.81631, 3,  -0.745,  8.667, -3.634, 4,  -0.025,  0.163, -0.133
703655.87592, 3,  -0.785, 10.749, -1.144, 4,   0.007,  0.022, -0.125, 5, -19.536,-41.589, 24.924
703655.93552, 3,  -0.371, 12.408, -4.862, 4,  -0.078,  0.019, -0.115, 5, -19.292,-42.487, 24.977
703655.99509, 3,  -0.253,  8.794, -1.300, 4,   0.071, -0.136, -0.129, 5, -19.780,-44.128, 25.653
703656.05469, 3,   0.108,  9.365, -2.665, 4,  -0.072, -0.100, -0.075, 5, -18.694,-43.567, 25.266
703656.11432, 3,  -1.042, 10.706, -4.433, 4,  -0.016, -0.100, -0.074, 5, -17.839,-43.216, 25.792
703656.17392, 3,  -0.814, 10.114, -0.649, 4,   0.006, -0.059, -0.058
703656.23349, 3,  -0.713, 10.186, -2.864, 4,  -0.094, -0.135,  0.002, 5, -17.868,-42.877, 25.311
703656.29309, 3,   0.105, 10.607, -3.557, 4,  -0.008, -0.170,  0.033
703656.35266, 3,   0.328,  7.856, -1.335, 4,   0.024, -0.122,  0.045, 5, -17.972,-41.808, 25.650
703656.41229, 3,   0.338, 10.481, -4.174, 4,  -0.020, -0.102,  0.060, 5, -15.498,-41.881, 26.482
703656.47189, 3,  -0.884, 11.770, -2.828, 4,   0.027, -0.048,  0.013
703656.53149, 3,  -0.835,  9.189, -2.545, 4,  -0.006, -0.066,  0.006, 5, -18.437,-42.043, 25.650
703656.59106, 3,  -0.699,  6.957, -2.335, 4,   0.012, -0.160,  0.036, 5, -18.245,-41.376, 26.376
703656.65070, 3,  -1.122, 12.927, -2.871, 4,  -0.008, -0.046,  0.042, 5, -18.001,-42.509, 26.805
703656.71030, 3,  -0.988,  9.395, -3.199, 4,  -0.035,  0.004,  0.073, 5, -19.730,-41.933, 27.452
703656.76987, 3,  -0.382,  9.541, -0.718, 4,  -0.040, -0.041,  0.112, 5, -17.842,-41.078, 26.088
703656.82947, 3,   0.288, 10.583, -2.553, 4,  -0.016,  0.016,  0.120
703656.88907, 3,  -0.301,  9.598, -2.258, 4,   0.005,  0.126,  0.118, 5, -18.886,-42.047, 25.414
703656.94870, 3,  -1.007, 10.138, -3.630, 4,   0.067,  0.072,  0.053, 5, -18.619,-40.382, 26.375
703657.00827, 3,  -1.074,  8.549, -1.094, 4,   0.083,  0.082,  0.002
703657.06787, 3,  -0.149,  7.407, -3.459, 4,  -0.041,  0.149,  0.016, 5, -18.935,-40.674, 27.153
703657.12747, 3,  -0.742, 14.014, -1.869, 4,   0.087,  0.105, -0.014, 5, -18.610,-39.861, 24.921
703657.18704, 3,  -1.116, 10.201, -2.414, 4,  -0.095,  0.302, -0.028, 5, -20.023,-43.265, 24.925
703657.24667, 3,  -0.056,  6.631, -4.581, 4,   0.024,  0.062, -0.093, 5, -19.009,-42.007, 25.995
703657.30627, 3,  -0.171,  8.971,  1.271, 4,   0.003, -0.116, -0.059, 5, -18.999,-42.526, 24.553
703657.36584, 3,   0.138, 11.206, -4.901, 4,  -0.114, -0.065,  0.000
703657.42545, 3,  -0.160,  9.409, -1.829, 4,   0.106,  0.044, -0.011, 5, -18.642,-43.185, 24.879
703657.48505, 3,   0.822, 13.558, -1.689, 4,  -0.046,  0.121, -0.067
703657.54468, 3,  -1.790,  8.785, -3.030, 4,  -0.035, -0.040, -0.094, 5, -18.912,-43.240, 24.681
703657.60425, 3,  -2.120,  9.000, -2.264, 4,  -0.009,  0.002, -0.117, 5, -17.894,-43.367, 25.070
703657.66385, 3,  -0.913,  9.103, -2.989, 4,  -0.023, -0.209, -0.151, 5, -18.408,-43.129, 25.027
703657.72345, 3,   0.073, 12.399, -2.521, 4,  -0.003, -0.409, -0.019, 5, -16.098,-42.461, 26.274
703657.78302, 3,  -0.479,  8.681, -3.829, 4,   0.036, -0.233,  0.071, 5, -16.930,-41.940, 26.979
703657.84265, 3,   0.080,  8.380, -1.288, 4,   0.111, -0.068,  0.041, 5, -16.463,-42.952, 25.670
703657.90225, 3,  -1.161, 11.551, -2.040, 4,  -0.037,  0.117,  0.018
703657.96182, 3,  -0.253,  8.528, -3.107, 4,  -0.027, -0.072, -0.004, 5, -16.255,-42.328, 26.965
703658.02142, 3,  -0.389,  9.100, -0.868, 4,   0.064, -0.297, -0.035
703658.08105, 3,   0.031, 11.251, -2.482, 4,  -0.072, -0.272,  0.056, 5, -17.834,-42.450, 24.821
703658.14062, 3,  -1.249,  7.947, -3.667, 4,   0.030, -0.181,  0.124, 5, -15.689,-42.455, 27.306
703658.20023, 3,  -1.131,  7.999, -1.266, 4,   0.129, -0.013,  0.105, 5, -16.646,-41.766, 27.104
703658.25983, 3,  -0.862, 12.192, -2.404, 4,  -0.082,  0.163,  0.140, 5, -17.146,-41.962, 25.845
703658.31943, 3,  -0.160,  8.180, -3.180, 4,  -0.067,  0.133,  0.143, 5, -17.999,-42.511, 27.147
703658.37903, 3,  -1.417,  9.476, -1.808, 4,   0.073,  0.147,  0.050, 5, -17.184,-42.075, 26.230
703658.43863, 3,  -0.649, 10.524, -0.445, 4,  -0.072,  0.299,  0.012, 5, -18.568,-43.898, 25.656
703658.49823, 3,   0.108,  9.991, -4.693, 4,  -0.046, -0.092,  0.018, 5, -16.275,-44.601, 26.385
703658.55780, 3,  -0.665,  9.188, -3.092, 4,   0.138, -0.206,  0.014
703658.61740, 3,   0.289,  9.570, -0.827, 4,  -0.102,  0.120,  0.027, 5, -17.870,-42.216, 25.652
703658.67642, 3,  -0.862,  8.680, -4.015, 4,   0.027, -0.029, -0.003, 5, -18.425,-43.848, 26.909
703658.73660, 3,  -0.545, 10.780, -0.091, 4,   0.084,  0.095,  0.023, 5, -18.420,-43.846, 26.282
703658.79620, 3,  -1.730,  9.299, -3.233, 4,  -0.064,  0.209,  0.006, 5, -18.814,-43.533, 26.974
703658.85580, 3,  -1.080,  9.153, -2.653, 4,   0.111, -0.051,  0.018, 5, -18.459,-43.236, 27.588
703658.91539, 3,  -0.301, 12.435, -2.922, 4,  -0.013,  0.045,  0.076, 5, -18.018,-43.275, 26.436
703658.97500, 3,  -0.307,  8.216, -2.508, 4,   0.066,  0.109,  0.075, 5, -17.995,-42.216, 25.938
703659.03460, 3,  -0.274,  9.929, -2.422, 4,   0.024,  0.223,  0.021, 5, -18.694,-43.567, 25.655
703659.09420, 3,  -0.848,  9.433, -2.128, 4,  -0.008,  0.165, -0.029
703659.15377, 3,  -1.071,  9.135, -2.792, 4,  -0.013,  0.185, -0.058, 5, -19.652,-42.874, 25.848
703659.21337, 3,  -0.467,  8.889, -3.521, 4,   0.031,  0.032, -0.065, 5, -18.654,-41.820, 26.369
703659.27300, 3,  -0.001, 10.519, -1.570, 4,  -0.004, -0.005, -0.029, 5, -18.362,-42.888, 24.739
703659.33257, 3,  -0.187,  8.569, -2.645, 4,  -0.026,  0.166, -0.026, 5, -18.694,-43.581, 25.307
703659.39217, 3,  -0.635,  8.914, -2.196, 4,   0.043,  0.173, -0.097, 5, -19.882,-43.266, 25.922
703659.45177, 3,  -0.101, 11.574, -2.707, 4,  -0.020,  0.094, -0.105, 5, -18.138,-44.551, 24.207
703659.51140, 3,  -0.476,  8.192, -2.894, 4,  -0.045, -0.010, -0.089, 5, -18.256,-43.698, 25.415
703659.57097, 3,  -0.617,  8.876, -3.466, 4,   0.013, -0.100, -0.102, 5, -18.970,-44.238, 23.782
703659.63057, 3,   0.336, 11.554, -0.043, 4,  -0.096, -0.008, -0.089
703659.69017, 3,  -1.064,  8.342, -4.730, 4,  -0.096, -0.121, -0.072, 5, -17.892,-45.264, 25.659
703659.74974, 3,  -0.570,  9.736,  0.171, 4,   0.062, -0.183, -0.070
703659.80938, 3,  -0.408,  9.530, -4.178, 4,  -0.121, -0.012, -0.036, 5, -16.328,-45.317, 25.377
703659.86898, 3,  -0.634,  9.717, -1.738, 4,   0.114, -0.203, -0.056, 5, -16.492,-44.376, 25.424
703659.92855, 3,  -0.686, 10.062, -3.561, 4,  -0.053, -0.134,  0.024, 5, -14.851,-44.569, 25.565
703659.98815, 3,  -0.162,  9.542, -2.541, 4,   0.077, -0.211,  0.020, 5, -16.196,-45.171, 25.369
703660.04775, 3,  -1.191,  6.063, -0.621, 4,   0.022, -0.071,  0.054, 5, -16.383,-45.702, 25.717
703660.10735, 3,   0.013, 12.044, -3.125, 4,   0.011, -0.046,  0.040, 5, -15.715,-43.556, 27.643
703660.16695, 3,  -0.455,  8.786, -2.067, 4,  -0.030, -0.035,  0.087
703660.22655, 3,  -1.229,  9.397, -3.340, 4,   0.030, -0.099,  0.072, 5, -15.173,-43.343, 27.075
703660.28612, 3,   0.153, 11.490, -1.676, 4,   0.048, -0.000,  0.092
703660.34572, 3,  -0.830,  9.627, -4.806, 4,  -0.037,  0.083,  0.108, 5, -17.656,-43.582, 25.336
703660.40535, 3,  -1.050,  7.966, -1.831, 4,   0.112,  0.114,  0.047, 5, -17.244,-44.630, 26.810
703660.46495, 3,   0.591, 10.830, -0.784, 4,  -0.058,  0.185,  0.017, 5, -16.728,-45.282, 27.019
703660.52452, 3,  -0.617,  7.632, -6.045, 4,  -0.030,  0.072, -0.014, 5, -17.592,-44.164, 27.113
703660.58413, 3,  -0.246, 11.695, -0.770, 4,   0.106,  0.087, -0.063, 5, -15.106,-44.426, 26.097
703660.64373, 3,   0.362,  9.812, -4.065, 4,  -0.159,  0.063, -0.080, 5, -16.519,-43.993, 25.034
703660.70333, 3,  -0.509,  7.927, -0.245, 4,   0.024, -0.141, -0.104, 5, -17.134,-45.247, 26.295
703660.76293, 3,  -1.407, 10.854, -3.706, 4,  -0.131, -0.088, -0.100, 5, -15.958,-46.170, 25.380
703660.82253, 3,  -0.391,  9.827,  0.072, 4,   0.039, -0.300, -0.091
703660.88213, 3,  -1.443,  8.984, -3.635, 4,  -0.089, -0.227, -0.000, 5, -14.082,-46.219, 26.160
703660.94173, 3,  -0.156,  9.998, -1.894, 4,   0.100, -0.312,  0.012, 5, -14.647,-45.949, 28.522
703661.00133, 3,  -0.307,  9.636, -1.744, 4,  -0.052, -0.152,  0.118, 5, -15.001,-45.290, 27.261
703661.06093, 3,  -0.105, 10.882, -1.843, 4,   0.104, -0.164,  0.089, 5, -15.485,-44.972, 27.277
703661.12050, 3,  -1.559, 10.945, -4.538, 4,   0.057, -0.012,  0.120, 5, -16.057,-45.270, 29.826
703661.18010, 3,  -0.719,  7.597, -1.846, 4,   0.090, -0.058,  0.122, 5, -16.026,-43.892, 28.566
703661.23973, 3,  -0.107, 10.284, -3.196, 4,   0.053, -0.048,  0.145, 5, -17.331,-44.072, 28.181
703661.29931, 3,  -0.144,  8.876, -1.586, 4,   0.018,  0.201,  0.143, 5, -15.691,-43.198, 27.838
703661.35891, 3,  -1.232, 10.009, -3.046, 4,  -0.049,  0.224,  0.088
703661.41851, 3,  -0.581, 10.997, -1.950, 4,   0.035,  0.117,  0.022, 5, -17.419,-42.546, 28.464
703661.47811, 3,  -0.893,  9.201, -2.560, 4,  -0.093,  0.180,  0.000
703661.53771, 3,  -1.372, 10.771, -1.905, 4,   0.008,  0.061, -0.040, 5, -18.692,-43.715, 28.320
703661.59731, 3,  -1.282, 10.063, -2.413, 4,  -0.004,  0.021, -0.019, 5, -17.363,-43.779, 25.519
703661.65688, 3,  -0.339, 10.873, -3.131, 4,   0.056,  0.077, -0.011, 5, -15.295,-45.107, 29.398
703661.71648, 3,  -0.704,  5.622, -1.085, 4,   0.079,  0.104, -0.029, 5, -16.438,-43.895, 26.224
703661.77608, 3,  -0.672, 13.637, -5.812, 4,   0.062,  0.113, -0.053, 5, -18.163,-43.507, 26.094
703661.83571, 3,  -0.283,  5.350, -1.017, 4,   0.008,  0.197, -0.058, 5, -18.248,-43.477, 26.863
703661.89528, 3,  -0.385,  9.988, -2.526, 4,  -0.113, -0.039, -0.125
703661.95488, 3,   0.167,  9.090,  0.247, 4,  -0.109, -0.033, -0.096, 5, -17.378,-44.492, 26.102
703662.01448, 3,  -0.686, 10.472, -6.525, 4,  -0.134, -0.127, -0.100
703662.07405, 3,  -1.363,  9.543, -1.279, 4,   0.121, -0.194, -0.107, 5, -15.982,-43.831, 25.658
703662.13369, 3,  -0.615,  8.143, -0.307, 4,  -0.081, -0.186, -0.049, 5, -18.233,-44.450, 22.557
703662.19329, 3,  -0.487, 11.375, -0.918, 4,  -0.063, -0.189,  0.010, 5, -16.045,-44.601, 27.112
703662.25289, 3,  -1.220, 10.875, -3.675, 4,   0.011, -0.263,  0.059, 5, -15.050,-44.051, 26.924
703662.31246, 3,  -1.574,  8.751, -1.213, 4,   0.112, -0.176,  0.129, 5, -14.745,-44.569, 27.083
703662.37209, 3,  -0.287,  9.183, -2.504, 4,   0.085, -0.110,  0.205, 5, -16.431,-43.755, 27.258
703662.43169, 3,  -0.428, 10.936, -1.346, 4,   0.092,  0.045,  0.260, 5, -16.113,-41.846, 27.155
703662.49126, 3,  -0.605,  8.829, -6.565, 4,   0.117,  0.318,  0.224, 5, -18.227,-42.751, 26.855
703662.55086, 3,  -0.679,  7.802, -0.424, 4,   0.177,  0.489,  0.101
703662.61046, 3,   0.091, 11.731, -3.647, 4,  -0.100,  0.532,  0.009, 5, -18.648,-41.096, 26.375
703662.66945, 3,  -0.790,  6.582, -0.502, 4,   0.031,  0.306, -0.096, 5, -19.972,-41.228, 26.175
703662.72966, 3,  -0.202, 11.455, -4.379, 4,  -0.046,  0.084, -0.140, 5, -18.828,-41.812, 25.555
703662.78926, 3,   0.357,  8.341, -1.691, 4,   0.026,  0.028, -0.135, 5, -20.091,-40.271, 25.357
703662.84887, 3,  -0.543,  7.937, -3.636, 4,  -0.056,  0.106, -0.168, 5, -18.849,-40.393, 24.927
703662.90844, 3,  -0.526, 11.762,  0.992, 4,  -0.031,  0.114, -0.196, 5, -19.403,-43.932, 25.551
703662.96807, 3,  -0.656,  9.578, -4.325, 4,  -0.199, -0.033, -0.190, 5, -17.398,-43.767, 25.200
703663.02767, 3,  -0.925,  7.915, -2.871, 4,   0.075, -0.405, -0.174, 5, -17.960,-42.833, 24.986
703663.08724, 3,  -0.503, 10.958, -0.613, 4,  -0.129, -0.283, -0.066
703663.14684, 3,   0.248,  9.217, -2.761, 4,  -0.120, -0.451,  0.016, 5, -17.239,-43.396, 25.131
703663.20644, 3,  -1.150,  8.833, -2.767, 4,  -0.002, -0.307,  0.080, 5, -15.353,-43.161, 27.106
703663.26604, 3,  -0.207, 10.232, -2.328, 4,   0.014, -0.182,  0.066, 5, -17.342,-42.870, 26.724
703663.32564, 3,  -1.090,  8.694, -2.032, 4,   0.047, -0.141,  0.102, 5, -17.342,-42.865, 25.655
703663.38524, 3,  -1.275, 11.094, -5.173, 4,   0.068, -0.048,  0.125, 5, -16.676,-43.042, 26.534
703663.44484, 3,  -0.594,  8.274, -0.116, 4,   0.086,  0.081,  0.142, 5, -16.040,-42.459, 26.428
703663.50441, 3,  -0.465,  8.653, -3.125, 4,   0.019,  0.067,  0.120, 5, -18.452,-42.755, 25.412
703663.56405, 3,   0.371, 11.036, -1.304, 4,   0.121,  0.091,  0.141, 5, -17.886,-43.217, 25.800
703663.62365, 3,   0.284,  9.427, -3.072, 4,  -0.027,  0.239,  0.122
703663.68322, 3,  -1.191,  8.446, -3.210, 4,   0.158,  0.250,  0.001, 5, -17.593,-42.589, 25.748
703663.74282, 3,  -0.249,  9.854, -1.093, 4,  -0.031,  0.322, -0.047
703663.80245, 3,   0.099,  9.420, -3.920, 4,  -0.041,  0.094, -0.067, 5, -18.922,-42.101, 26.682
703663.86202, 3,  -0.696, 11.303, -2.276, 4,   0.044,  0.024, -0.096, 5, -19.780,-42.072, 26.123
703663.92162, 3,  -0.160,  7.828, -2.620, 4,  -0.058,  0.081, -0.121, 5, -18.623,-42.575, 27.005
703663.98122, 3,  -0.480,  9.618, -3.007, 4,   0.024, -0.083, -0.119, 5, -16.946,-43.195, 25.655
703664.04082, 3,  -0.006,  9.516, -0.638, 4,  -0.026, -0.022, -0.103, 5, -16.309,-42.467, 26.045
703664.10042, 3,  -0.216,  9.348, -1.992, 4,  -0.098, -0.134, -0.081, 5, -16.029,-43.886, 26.387
703664.16002, 3,  -0.736,  9.740, -3.486, 4,  -0.018, -0.316, -0.060
703664.21962, 3,  -0.345, 10.206, -0.730, 4,  -0.002, -0.281, -0.007, 5, -14.853,-43.106, 26.578
703664.27919, 3,  -0.396,  9.941, -2.881, 4,  -0.048, -0.235,  0.050
703664.33879, 3,  -0.662, 10.283, -3.544, 4,   0.049, -0.178,  0.060, 5, -14.696,-42.430, 27.493
703664.39843, 3,  -0.014,  9.439, -1.406, 4,   0.021, -0.014,  0.071, 5, -17.061,-42.484, 25.653
703664.45800, 3,  -0.282, 10.082, -2.654, 4,  -0.002, -0.023,  0.067, 5, -15.385,-43.115, 27.699
703664.51760, 3,  -1.379,  9.422, -1.470, 4,   0.049, -0.007,  0.030, 5, -15.788,-42.931, 25.899
703664.57720, 3,  -0.399,  9.728, -2.753, 4,  -0.026, -0.078,  0.050, 5, -16.142,-43.179, 27.557
703664.63677, 3,  -0.248,  6.259, -1.110, 4,   0.077, -0.279,  0.073
703664.69640, 3,  -0.244, 10.488, -4.602, 4,   0.060, -0.056,  0.106, 5, -15.984,-41.942, 27.834
703664.75600, 3,  -0.755, 10.068, -3.320, 4,   0.105,  0.077,  0.122, 5, -17.493,-43.640, 27.690
703664.81560, 3,  -0.040,  9.342, -3.269, 4,  -0.026,  0.114,  0.103
703664.87517, 3,  -0.399,  8.877,  1.621, 4,   0.000,  0.127,  0.069, 5, -14.546,-46.948, 29.057
703664.93477, 3,  -0.636, 10.796, -3.490, 4,  -0.158,  0.134,  0.056, 5, -15.488,-43.210, 26.436
703664.99440, 3,  -1.246,  9.228, -3.167, 4,   0.057,  0.061,  0.026, 5, -17.351,-43.347, 27.109
703665.05397, 3,  -0.778,  9.389, -1.325, 4,   0.005,  0.118,  0.048, 5, -18.327,-43.231, 27.106
703665.11358, 3,  -0.526,  7.840, -2.732, 4,  -0.011, -0.075,  0.082, 5, -18.082,-43.744, 26.578
703665.17318, 3,   0.260, 10.698, -0.931, 4,   0.055, -0.044,  0.141
703665.23278, 3,  -0.427,  9.549, -4.302, 4,   0.011,  0.255,  0.164, 5, -19.003,-41.821, 27.637
703665.29238, 3,  -0.220,  8.703, -1.756, 4,   0.128,  0.472,  0.067, 5, -19.336,-42.542, 26.762
703665.35198, 3,  -0.539, 10.682, -2.181, 4,  -0.060,  0.538, -0.043
703665.41158, 3,  -0.018,  7.855, -1.427, 4,   0.019,  0.226, -0.110, 5, -19.339,-42.584, 25.697
703665.47115, 3,  -0.434, 12.467, -4.175, 4,  -0.049,  0.103, -0.130
703665.53078, 3,   0.436,  9.071, -1.728, 4,  -0.001, -0.031, -0.159, 5, -20.703,-43.991, 25.414
703665.59038, 3,  -0.347, 10.176, -3.789, 4,  -0.011, -0.078, -0.158, 5, -18.855,-44.527, 25.656
703665.64995, 3,   0.278,  9.737, -0.324, 4,  -0.022, -0.029, -0.172, 5, -17.929,-43.315, 25.458
703665.70955, 3,  -0.558,  9.541, -3.536, 4,  -0.088, -0.088, -0.162, 5, -16.220,-44.508, 25.475
703665.76915, 3,  -0.614,  9.547, -2.701, 4,   0.033, -0.187, -0.179, 5, -16.727,-45.195, 26.390
703665.82875, 3,  -0.392, 11.228, -1.345, 4,  -0.081, -0.226, -0.131
703665.88836, 3,  -0.561,  8.550, -3.413, 4,  -0.017, -0.382, -0.058, 5, -15.605,-44.589, 25.909
703665.94796, 3,  -0.298, 11.597, -2.228, 4,   0.014, -0.376,  0.010, 5, -14.716,-44.856, 26.828
703666.00756, 3,   0.127,  9.023, -1.429, 4,  -0.022, -0.310,  0.078
703666.06713, 3,  -0.649,  9.760, -3.628, 4,   0.073, -0.286,  0.117, 5, -14.304,-42.421, 27.167
703666.12676, 3,  -0.495,  9.982, -0.582, 4,   0.044, -0.072,  0.138, 5, -15.033,-42.824, 26.582
703666.18636, 3,  -0.810,  9.582, -4.104, 4,  -0.024, -0.134,  0.168, 5, -15.349,-43.161, 27.843
703666.24593, 3,  -0.767,  8.719, -1.386, 4,   0.134, -0.120,  0.180, 5, -16.689,-43.718, 28.220
703666.30553, 3,  -0.254, 11.026, -1.143, 4,  -0.026,  0.108,  0.228, 5, -16.934,-42.146, 25.742
703666.36513, 3,  -0.825,  9.425, -2.966, 4,   0.042,  0.146,  0.227
703666.42476, 3,  -0.465, 11.574, -3.342, 4,   0.090,  0.263,  0.199, 5, -19.177,-41.251, 27.827
703666.48433, 3,  -0.025,  8.794,  0.059, 4,   0.031,  0.382,  0.167, 5, -18.884,-42.055, 26.857
703666.54393, 3,  -0.083, 10.555, -5.963, 4,  -0.008,  0.371,  0.123
703666.60353, 3,  -0.468,  7.403,  0.134, 4,   0.126,  0.571,  0.027, 5, -20.009,-42.844, 26.227
703666.66249, 3,  -1.368,  9.733, -3.904, 4,  -0.125,  0.797, -0.114, 5, -22.075,-41.568, 25.545
703666.72274, 3,  -1.069,  9.736, -1.855, 4,   0.017,  0.344, -0.255, 5, -20.372,-43.367, 24.295
703666.78234, 3,  -0.330, 10.429, -2.383, 4,  -0.112,  0.099, -0.258, 5, -19.232,-43.962, 25.369
703666.84191, 3,  -0.017,  9.570, -3.041, 4,   0.018, -0.056, -0.242, 5, -18.452,-42.516, 25.171
703666.90151, 3,  -0.485, 10.326, -2.733, 4,   0.022,  0.038, -0.241
703666.96114, 3,  -0.601,  9.052, -0.810, 4,  -0.015,  0.105, -0.250, 5, -19.008,-45.815, 25.375
703667.02071, 3,  -0.361,  8.642, -1.578, 4,  -0.051, -0.170, -0.247
703667.08031, 3,  -0.748, 10.522, -0.931, 4,  -0.059, -0.440, -0.174, 5, -17.709,-45.299, 25.610
703667.13991, 3,  -1.007,  9.523, -3.261, 4,  -0.086, -0.483, -0.058, 5, -16.391,-46.033, 25.861
703667.19951, 3,  -0.546, 10.132, -3.813, 4,   0.058, -0.584,  0.055, 5, -14.050,-44.547, 24.947
703667.25911, 3,   0.066,  9.355, -1.186, 4,   0.046, -0.121,  0.130, 5, -15.654,-42.828, 27.647
703667.31871, 3,  -0.855, 10.586, -3.840, 4,   0.061,  0.219,  0.078, 5, -16.022,-43.555, 26.772
703667.37832, 3,  -1.407, 10.071, -0.765, 4,   0.044,  0.195,  0.045, 5, -14.935,-42.578, 26.385
703667.43789, 3,   0.234,  9.098, -4.642, 4,  -0.021,  0.041,  0.006, 5, -16.014,-43.173, 26.384
703667.49749, 3,   0.270,  8.379, -1.017, 4,   0.090, -0.049, -0.005, 5, -15.807,-43.636, 25.414
703667.55712, 3,   0.259,  9.689, -2.193, 4,  -0.101, -0.131, -0.043
703667.61672, 3,   0.164, 11.646, -1.435, 4,   0.038, -0.251, -0.046, 5, -14.964,-43.861, 26.529
703667.67629, 3,  -1.905, 13.035, -4.801, 4,  -0.080, -0.087, -0.045, 5, -15.973,-45.218, 26.297
703667.73589, 3,  -1.027,  7.643, -2.059, 4,   0.068, -0.226, -0.069
703667.79549, 3,  -0.729,  8.678, -2.226, 4,  -0.046, -0.187,  0.015, 5, -14.420,-43.419, 27.403
703667.85509, 3,  -0.729,  9.024, -4.333, 4,   0.084,  0.055, -0.013, 5, -16.231,-43.170, 26.392
703667.91469, 3,  -0.230, 10.101, -3.239, 4,   0.078,  0.025, -0.029, 5, -13.464,-44.438, 27.118
703667.97429, 3,  -0.625, 11.584, -2.571, 4,   0.067, -0.432, -0.036, 5, -14.130,-42.557, 27.696
703668.03386, 3,  -0.317,  9.395,  1.760, 4,  -0.011, -0.667,  0.085, 5, -11.076,-45.250, 28.864
703668.09346, 3,   0.174, 11.263, -4.208, 4,   0.016, -0.696,  0.259
703668.15310, 3,  -0.853,  8.960,  0.916, 4,   0.101, -0.364,  0.366, 5, -15.321,-42.455, 29.288
703668.21270, 3,  -0.329,  8.777, -4.097, 4,  -0.074,  0.477,  0.420
703668.27227, 3,  -2.616,  7.292, -1.989, 4,   0.146,  0.865,  0.215, 5, -17.310,-42.680, 27.675
703668.33187, 3,  -2.564, 10.741, -3.029, 4,  -0.037,  0.997,  0.030, 5, -18.349,-42.184, 27.060
703668.39150, 3,  -0.322,  9.721, -5.430, 4,   0.038,  0.222, -0.042, 5, -18.544,-42.947, 26.381
703668.45107, 3,   1.429,  9.904, -3.069, 4,   0.068, -0.177, -0.014, 5, -17.966,-41.133, 28.415
703668.51067, 3,   1.168, 11.039, -2.326, 4,   0.024, -0.057, -0.040, 5, -18.217,-42.758, 26.628
703668.57027, 3,  -0.633,  7.735, -0.689, 4,   0.054,  0.138, -0.125, 5, -18.675,-42.810, 25.795
703668.62984, 3,  -1.904, 12.269, -0.332, 4,  -0.014,  0.197, -0.185
703668.68947, 3,  -1.512, 11.085, -3.947, 4,  -0.135,  0.027, -0.105, 5, -16.887,-44.623, 27.745
703668.74907, 3,  -0.614, 10.133, -4.526, 4,   0.052, -0.109, -0.069
703668.80867, 3,   0.235,  7.612,  0.263, 4,  -0.048,  0.211, -0.038, 5, -17.763,-43.784, 27.686
703668.86824, 3,  -0.242,  8.013, -5.078, 4,   0.006,  0.019, -0.125, 5, -16.910,-43.683, 27.109
703668.92786, 3,  -0.939, 10.106, -1.363, 4,   0.067, -0.007, -0.148, 5, -16.061,-43.224, 26.384
703668.98749, 3,  -1.103, 11.063, -4.461, 4,  -0.093, -0.219, -0.145, 5, -16.150,-43.317, 26.385
703669.04706, 3,  -0.247,  7.709, -2.063, 4,   0.005, -0.544, -0.060, 5, -15.967,-43.225, 26.437
703669.10667, 3,   0.753, 10.734, -0.505, 4,  -0.042, -0.402,  0.068, 5, -16.017,-43.369, 26.581
703669.16627, 3,  -0.198,  8.870, -4.298, 4,  -0.077, -0.184,  0.171
703669.22584, 3,  -0.903, 11.698, -1.022, 4,   0.135, -0.004,  0.091, 5, -18.814,-42.717, 26.762
703669.28547, 3,  -2.617,  9.440, -4.901, 4,  -0.056,  0.237,  0.126
703669.34507, 3,  -1.033, 10.809, -2.629, 4,   0.245, -0.116,  0.027, 5, -16.104,-43.178, 27.449
703669.40467, 3,  -0.491,  9.257, -1.916, 4,  -0.037,  0.214,  0.178, 5, -16.386,-41.907, 28.999
703669.46424, 3,  -0.250,  8.671, -2.990, 4,   0.074,  0.149,  0.125, 5, -18.626,-42.526, 27.330
703669.52384, 3,   0.555,  9.570, -1.242, 4,   0.021,  0.290,  0.097, 5, -18.256,-43.706, 26.614
703669.58347, 3,  -0.841,  9.959, -4.743, 4,   0.018,  0.249,  0.052, 5, -21.451,-41.737, 24.780
703669.64304, 3,  -1.666, 10.081, -2.173, 4,   0.018,  0.294, -0.020, 5, -19.440,-43.062, 26.906
703669.70264, 3,  -0.117,  9.992, -2.661, 4,  -0.062,  0.141, -0.054, 5, -19.434,-43.076, 28.812
703669.76224, 3,  -1.429,  8.644, -3.119, 4,   0.037,  0.097, -0.067, 5, -19.321,-41.980, 27.979
703669.82185, 3,  -0.597,  9.421, -1.048, 4,   0.036,  0.213, -0.086
703669.88145, 3,  -0.280,  8.465, -2.949, 4,  -0.051,  0.149, -0.086, 5, -18.199,-41.566, 25.897
703669.94105, 3,  -0.692, 11.467, -2.823, 4,   0.042,  0.116, -0.145, 5, -17.921,-38.991, 25.642
703670.00065, 3,  -0.636,  9.101, -2.993, 4,  -0.115,  0.108, -0.141, 5, -17.453,-41.931, 25.070
703670.06022, 3,  -0.664,  9.928, -4.953, 4,   0.029, -0.307, -0.175, 5, -16.975,-42.482, 26.434
703670.11985, 3,   0.202,  9.217, -1.681, 4,  -0.030, -0.135, -0.085, 5, -16.997,-43.582, 26.189
703670.17945, 3,  -0.321,  8.311, -0.488, 4,  -0.087, -0.100, -0.050, 5, -15.984,-41.750, 26.379
703670.23902, 3,  -0.067, 11.087, -1.565, 4,  -0.109,  0.050, -0.058, 5, -16.176,-42.461, 25.121
703670.29862, 3,  -1.149, 10.615, -3.969, 4,  -0.048, -0.101, -0.058, 5, -15.329,-42.442, 26.045
703670.35822, 3,  -1.692,  9.693, -2.434, 4,   0.029, -0.193, -0.063
703670.41782, 3,   0.348,  9.165, -2.426, 4,  -0.019, -0.371,  0.024, 5, -15.401,-43.831, 27.707
703670.47742, 3,  -0.337,  8.997, -2.731, 4,   0.057, -0.347,  0.087
703670.53702, 3,  -0.105,  9.031, -1.251, 4,   0.045,  0.016,  0.122, 5, -14.455,-42.899, 25.641
703670.59663, 3,  -1.941,  8.976, -4.254, 4,   0.052,  0.155,  0.054, 5, -14.520,-41.861, 26.244
703670.65559, 3,  -1.273, 11.107, -0.301, 4,   0.029,  0.157,  0.008, 5, -15.494,-41.734, 27.107
703670.71583, 3,   0.037,  8.684, -3.973, 4,  -0.013, -0.117,  0.025, 5, -16.080,-42.371, 27.107
703670.77543, 3,  -0.522, 11.567, -2.748, 4,   0.148, -0.062,  0.038, 5, -16.127,-42.183, 27.547
703670.83500, 3,   0.108,  7.608, -1.603, 4,  -0.007,  0.134,  0.032, 5, -16.910,-43.666, 28.081
703670.89460, 3,  -1.469,  9.380, -3.427, 4,   0.053, -0.046, -0.042
703670.95420, 3,  -0.609,  9.774, -1.850, 4,  -0.003, -0.043, -0.029, 5, -16.783,-42.050, 27.834
703671.01380, 3,  -0.952,  8.656, -3.866, 4,   0.031, -0.143,  0.003
703671.07340, 3,  -0.833, 10.109, -0.341, 4,   0.034,  0.068,  0.008, 5, -17.076,-42.822, 28.508
703671.13300, 3,   0.300,  9.224, -2.597, 4,  -0.112, -0.082,  0.050, 5, -16.908,-42.870, 27.380
703671.19260, 3,  -0.704, 11.143, -4.183, 4,   0.107, -0.250,  0.047, 5, -15.993,-42.471, 28.549
703671.25220, 3,   0.121,  8.030,  0.092, 4,  -0.020,  0.136,  0.080, 5, -16.840,-43.906, 26.196
703671.31180, 3,  -0.912,  9.020, -3.872, 4,  -0.040,  0.065,  0.041, 5, -18.568,-42.194, 27.493
703671.37141, 3,   0.050, 10.199, -0.611, 4,  -0.006,  0.117,  0.023, 5, -17.758,-43.785, 27.109
703671.43098, 3,  -0.125, 10.612, -4.268, 4,  -0.092, -0.064,  0.045, 5, -17.934,-43.221, 27.106
703671.49058, 3,  -0.831, 10.321, -1.694, 4,   0.099,  0.030,  0.055, 5, -17.780,-42.503, 27.104
703671.55021, 3,   0.424,  8.845, -2.990, 4,  -0.055,  0.215,  0.025
703671.60978, 3,  -1.012,  9.309, -2.161, 4,   0.036,  0.023, -0.034, 5, -17.999,-42.511, 27.399
703671.66938, 3,  -0.507,  9.346, -2.686, 4,  -0.047,  0.011, -0.036, 5, -16.859,-42.999, 26.581
703671.72898, 3,  -0.921,  8.478, -2.948, 4,  -0.002, -0.059, -0.024, 5, -17.982,-41.798, 27.831
703671.78858, 3,  -0.636, 10.745, -1.507, 4,   0.016, -0.029, -0.034, 5, -17.850,-42.078, 27.846
703671.84818, 3,  -0.251,  8.785, -2.210, 4,  -0.050, -0.016,  0.007, 5, -17.792,-42.979, 27.834
703671.90778, 3,  -0.927, 10.681, -2.103, 4,   0.046, -0.062, -0.021, 5, -16.614,-40.440, 28.505
703671.96738, 3,   0.172, 10.027, -1.878, 4,  -0.079,  0.069,  0.000, 5, -17.720,-41.789, 27.248
703672.02695, 3,  -0.541,  8.918, -3.776, 4,   0.035, -0.122, -0.032, 5, -17.749,-40.640, 26.266
703672.08655, 3,   0.205,  9.870, -1.385, 4,   0.012,  0.074, -0.029
703672.14619, 3,  -0.439, 10.337, -1.414, 4,  -0.016, -0.175, -0.027, 5, -15.524,-43.167, 28.702
703672.20576, 3,  -0.778, 10.006, -4.487, 4,   0.031, -0.307,  0.037, 5, -17.973,-41.801, 30.006
703672.26536, 3,  -0.135,  9.543, -2.308, 4,   0.110, -0.135,  0.109, 5, -16.476,-42.104, 29.095
703672.32496, 3,  -1.464, 10.321, -4.209, 4,   0.031,  0.204,  0.111, 5, -17.230,-42.116, 28.610
703672.38456, 3,  -0.280,  9.608,  2.015, 4,   0.022,  0.282,  0.046, 5, -18.010,-43.083, 28.558
703672.44416, 3,  -0.232,  8.809, -4.387, 4,  -0.141,  0.022,  0.047, 5, -16.745,-42.485, 29.242
703672.50376, 3,  -1.428, 10.075, -0.263, 4,   0.103,  0.042,  0.010, 5, -17.943,-39.900, 28.555
703672.56336, 3,  -1.385,  9.773, -4.249, 4,  -0.090,  0.199,  0.010, 5, -16.898,-41.060, 28.264
703672.62293, 3,  -0.327, 11.232, -3.017, 4,   0.155, -0.030, -0.016
703672.68256, 3,   1.062,  8.588, -1.125, 4,  -0.008,  0.301, -0.003, 5, -18.190,-39.577, 29.088
703672.74216, 3,   0.037,  8.684, -2.404, 4,   0.054,  0.021, -0.097
703672.80176, 3,  -0.392, 11.350, -1.590, 4,  -0.002,  0.058, -0.104, 5, -18.256,-42.087, 26.817
703672.86133, 3,  -0.684,  8.798, -4.108, 4,  -0.035, -0.015, -0.104, 5, -19.516,-40.878, 26.373
703672.92094, 3,  -1.456, 10.297, -1.678, 4,   0.014, -0.030, -0.114, 5, -15.994,-40.321, 27.678
703672.98057, 3,  -0.382,  9.601, -1.561, 4,  -0.094, -0.114, -0.067, 5, -17.151,-40.352, 27.983
703673.04014, 3,  -0.209,  8.846, -3.190, 4,   0.009, -0.297, -0.041, 5, -18.881,-40.443, 26.195
703673.09974, 3,   0.739, 10.214, -2.638, 4,   0.014, -0.205,  0.005, 5, -16.666,-42.613, 27.304
703673.15934, 3,  -1.020, 10.328, -4.315, 4,   0.044, -0.266,  0.049
703673.21891, 3,  -1.903,  9.149,  0.211, 4,   0.053,  0.005,  0.030, 5, -17.322,-42.120, 27.834
703673.27854, 3,  -0.294,  8.875, -2.639, 4,  -0.109, -0.014,  0.074
703673.33814, 3,  -1.551,  8.819, -2.489, 4,   0.044, -0.157,  0.071, 5, -15.987,-42.133, 28.174
703673.39774, 3,  -0.009,  8.383, -2.627, 4,  -0.014, -0.035,  0.109, 5, -17.459,-42.213, 28.558
703673.45731, 3,  -1.006, 11.161, -3.076, 4,   0.010, -0.029,  0.155, 5, -17.369,-42.412, 28.558
703673.51691, 3,   0.356,  9.831, -1.407, 4,   0.021,  0.119,  0.140, 5, -17.964,-41.087, 28.802
703673.57654, 3,  -0.391,  9.500, -3.900, 4,   0.000,  0.232,  0.102, 5, -18.393,-42.245, 27.972
703673.63611, 3,  -0.988,  9.626, -3.196, 4,   0.092,  0.150,  0.001
703673.69572, 3,  -0.251,  8.881, -1.514, 4,  -0.027,  0.104,  0.002, 5, -19.713,-41.841, 28.651
703673.75532, 3,  -0.936,  9.359, -3.074, 4,  -0.010,  0.128, -0.009, 5, -19.588,-41.983, 27.391
703673.81489, 3,  -0.751, 10.004, -1.109, 4,  -0.030,  0.228, -0.044
703673.87452, 3,  -1.378,  5.898, -3.080, 4,  -0.062,  0.132, -0.052, 5, -20.238,-43.048, 28.076
703673.93412, 3,  -0.542, 13.787, -2.341, 4,   0.017,  0.026, -0.065, 5, -19.968,-41.132, 27.150
703673.99372, 3,   0.581,  8.444, -0.902, 4,  -0.138,  0.067, -0.015, 5, -19.995,-42.279, 27.245
703674.05329, 3,  -0.822,  8.493, -4.215, 4,  -0.026, -0.090, -0.052, 5, -19.035,-42.917, 26.822
703674.11292, 3,  -0.956,  9.965, -1.622, 4,  -0.003,  0.035, -0.070, 5, -20.123,-42.374, 28.554
703674.17252, 3,  -0.437,  9.266, -4.377, 4,  -0.002, -0.065, -0.066
703674.23209, 3,  -1.056, 10.276, -1.465, 4,   0.052,  0.035, -0.091, 5, -18.633,-42.525, 26.762
703674.29169, 3,  -0.416,  8.673, -2.171, 4,  -0.047, -0.024, -0.095, 5, -16.983,-42.819, 27.835
703674.35129, 3,  -0.985,  7.333, -2.860, 4,   0.052, -0.278, -0.076
703674.41090, 3,  -0.065,  8.755, -1.027, 4,  -0.025, -0.155, -0.010, 5, -13.422,-43.166, 30.792
703674.47050, 3,  -0.373, 11.787, -4.737, 4,  -0.143, -0.209,  0.041
703674.53010, 3,  -0.643, 10.063, -2.414, 4,   0.151, -0.243,  0.050, 5, -16.199,-41.745, 27.345
703674.58967, 3,   1.223, 11.668, -5.673, 4,  -0.021, -0.103,  0.142, 5, -17.453,-42.213, 28.992
703674.64927, 3,  -0.284, 10.032, -0.394, 4,   0.156, -0.147,  0.123, 5, -17.497,-41.785, 27.203
703674.70890, 3,  -0.065,  8.784, -0.979, 4,  -0.048,  0.274,  0.128, 5, -17.485,-41.791, 29.727
703674.76850, 3,  -0.549,  7.489, -2.657, 4,   0.034,  0.065,  0.057, 5, -17.825,-40.521, 29.129
703674.82807, 3,  -1.174, 10.985, -3.060, 4,   0.008,  0.067,  0.053
703674.88767, 3,  -0.881, 10.551, -3.375, 4,   0.003, -0.018,  0.076, 5, -19.740,-41.132, 29.524
703674.94727, 3,  -0.838, 10.090, -4.345, 4,   0.008,  0.124,  0.096, 5, -21.535,-39.316, 28.687
703675.00690, 3,  -0.119,  7.786, -0.140, 4,   0.075,  0.165,  0.050
703675.06647, 3,  -0.376,  9.517, -3.422, 4,  -0.027,  0.193,  0.033, 5, -19.218,-39.690, 27.823
703675.12607, 3,  -0.526,  9.481, -0.404, 4,   0.022,  0.176, -0.026, 5, -19.171,-40.724, 26.434
703675.18568, 3,  -0.910, 11.147, -4.722, 4,  -0.055,  0.170, -0.052, 5, -21.288,-40.451, 27.820
703675.24525, 3,  -0.190,  9.755, -2.058, 4,   0.011,  0.119, -0.077, 5, -20.816,-41.302, 27.632
703675.30488, 3,   0.093,  8.800, -1.812, 4,  -0.053,  0.046, -0.076, 5, -19.962,-40.738, 26.300
703675.36448, 3,  -0.445, 10.441, -2.457, 4,   0.001,  0.024, -0.090
703675.42405, 3,  -0.447,  8.625, -2.536, 4,   0.011,  0.072, -0.104, 5, -19.247,-40.445, 27.184
703675.48365, 3,  -0.774,  9.198, -3.091, 4,   0.038, -0.027, -0.101, 5, -19.563,-42.331, 26.616
703675.54328, 3,  -0.350, 10.167, -0.672, 4,  -0.069,  0.035, -0.089
703675.60288, 3,  -0.737,  9.732, -2.992, 4,  -0.028, -0.137, -0.103, 5, -19.321,-41.969, 27.396
703675.66245, 3,  -0.501,  8.707, -3.104, 4,   0.003, -0.212, -0.069, 5, -19.473,-43.161, 26.775
703675.72205, 3,  -0.709,  8.772, -1.681, 4,  -0.010, -0.233, -0.027, 5, -17.738,-42.506, 28.653
703675.78165, 3,  -0.448,  9.848, -3.045, 4,  -0.024, -0.229,  0.013, 5, -16.924,-42.339, 28.271
703675.84125, 3,   0.538,  9.514, -0.512, 4,  -0.024, -0.212,  0.066, 5, -19.083,-41.353, 27.827
703675.90085, 3,  -0.894,  9.729, -3.565, 4,   0.022, -0.117,  0.100
703675.96046, 3,   0.291, 10.130, -0.815, 4,   0.062,  0.048,  0.092, 5, -18.921,-41.684, 28.554
703676.02003, 3,  -0.305,  9.692, -4.389, 4,  -0.015,  0.194,  0.078
703676.07963, 3,  -1.645,  9.570, -2.805, 4,   0.112,  0.290, -0.017, 5, -20.010,-41.090, 29.230
703676.13926, 3,  -0.220,  9.210, -0.804, 4,  -0.022,  0.097, -0.060, 5, -18.468,-41.576, 28.069
703676.19886, 3,  -0.374,  9.716, -3.589, 4,  -0.011, -0.280, -0.011, 5, -17.336,-42.491, 27.113
703676.25843, 3,  -0.103,  8.436, -1.041, 4,   0.029, -0.220,  0.034, 5, -18.156,-41.803, 28.746
703676.31803, 3,  -1.025, 10.212, -2.961, 4,  -0.006,  0.080,  0.054, 5, -18.959,-41.878, 28.500
703676.37763, 3,  -0.708, 11.740, -2.132, 4,   0.046,  0.182, -0.011, 5, -18.533,-42.671, 29.573
703676.43723, 3,  -0.124,  6.218, -3.344, 4,  -0.016, -0.052, -0.026, 5, -18.625,-42.575, 29.195
703676.49683, 3,  -0.669,  9.347, -4.348, 4,   0.113, -0.246, -0.022, 5, -20.459,-42.574, 28.783
703676.55643, 3,   0.229, 10.847,  0.233, 4,  -0.024,  0.135,  0.056
703676.61603, 3,  -0.780,  7.902, -3.273, 4,  -0.115, -0.098,  0.034, 5, -21.011,-40.735, 28.130
703676.67560, 3,  -1.259, 10.527, -1.831, 4,  -0.063, -0.266,  0.065, 5, -17.995,-42.422, 28.934
703676.73524, 3,  -0.744,  8.364, -1.862, 4,  -0.000, -0.051,  0.115
703676.79484, 3,  -1.216,  8.743, -3.093, 4,   0.045,  0.413,  0.116, 5, -20.386,-41.859, 29.279
703676.85441, 3,  -0.191, 10.429, -0.353, 4,   0.031,  0.321,  0.031, 5, -20.859,-41.151, 29.514
703676.91401, 3,   0.018, 10.872, -3.954, 4,  -0.015,  0.035,  0.003, 5, -21.860,-40.468, 28.496
703676.97364, 3,   0.620, 10.044, -0.057, 4,   0.077,  0.048, -0.021, 5, -20.631,-41.011, 27.824
703677.03321, 3,  -0.546,  9.052, -3.990, 4,  -0.093,  0.278, -0.069, 5, -20.938,-40.828, 27.823
703677.09281, 3,  -0.886, 10.083, -2.564, 4,   0.075,  0.007, -0.158
703677.15241, 3,  -0.613,  9.683, -2.737, 4,  -0.028, -0.200, -0.132, 5, -20.413,-39.395, 29.272
703677.21198, 3,  -0.942,  8.767, -3.438, 4,   0.026, -0.204, -0.090, 5, -20.628,-41.156, 29.276
703677.27161, 3,  -0.887, 10.154, -1.737, 4,   0.007,  0.013, -0.057, 5, -20.306,-42.381, 29.280
703677.33121, 3,  -0.680,  9.077, -2.187, 4,  -0.068,  0.095, -0.026, 5, -19.348,-41.014, 28.609
703677.39081, 3,  -0.190, 11.900, -2.687, 4,   0.016, -0.121, -0.072, 5, -19.359,-43.686, 28.845
703677.45038, 3,   0.131,  7.339, -2.032, 4,  -0.096, -0.119, -0.023, 5, -19.333,-42.546, 28.467
703677.50999, 3,  -1.058,  9.271, -2.596, 4,   0.016, -0.307, -0.046, 5, -17.775,-42.744, 29.047
703677.56962, 3,  -1.138, 10.654, -2.785, 4,  -0.026, -0.211,  0.026, 5, -15.596,-43.321, 30.019
703677.62922, 3,  -0.049,  9.076, -1.579, 4,   0.044, -0.284,  0.063
703677.68879, 3,  -0.290, 11.719, -3.451, 4,   0.014, -0.193,  0.105, 5, -17.485,-41.789, 29.379
703677.74839, 3,  -0.215,  9.212, -1.192, 4,   0.049, -0.153,  0.122
703677.80799, 3,   0.103,  8.349, -1.439, 4,   0.001, -0.120,  0.166, 5, -18.895,-41.112, 29.718
703677.86759, 3,  -1.149, 10.686, -2.843, 4,   0.070,  0.077,  0.167, 5, -18.407,-40.872, 30.960
703677.92719, 3,  -1.074,  9.176, -3.013, 4,   0.077,  0.403,  0.108, 5, -20.587,-41.306, 31.354
703677.98679, 3,  -1.024, 10.215, -3.385, 4,   0.067,  0.300,  0.034, 5, -20.509,-41.577, 31.757
703678.04636, 3,  -0.735,  9.417, -1.559, 4,   0.012,  0.227,  0.019, 5, -20.981,-40.836, 30.339
703678.10596, 3,  -0.232,  8.075, -3.521, 4,   0.041,  0.029, -0.018, 5, -21.797,-41.570, 29.863
703678.16559, 3,   0.492, 10.123, -1.306, 4,  -0.015, -0.093,  0.036
703678.22520, 3,  -0.301,  9.668, -4.301, 4,  -0.040,  0.018,  0.087, 5, -21.980,-41.711, 30.154
703678.28477, 3,  -0.650, 11.939, -1.630, 4,   0.064,  0.204,  0.027
703678.34437, 3,   0.491,  8.668, -3.381, 4,  -0.039,  0.369, -0.030, 5, -21.619,-41.513, 30.437
703678.40400, 3,  -1.526,  8.942, -1.827, 4,   0.102,  0.048, -0.137, 5, -21.704,-41.470, 30.869
703678.46357, 3,   0.251,  8.458, -2.205, 4,  -0.048,  0.055, -0.117, 5, -21.898,-41.948, 29.906
703678.52317, 3,  -0.742, 11.703, -2.635, 4,   0.040, -0.100, -0.104, 5, -21.538,-41.649, 30.003
703678.58277, 3,   0.214,  7.465, -3.092, 4,  -0.022, -0.005, -0.078, 5, -20.641,-41.582, 30.870
703678.64234, 3,   0.726,  9.446, -3.935, 4,  -0.002, -0.215, -0.069, 5, -23.332,-41.315, 28.020
703678.70197, 3,  -0.697, 10.512, -2.233, 4,  -0.031, -0.250, -0.040, 5, -21.028,-40.642, 31.171
703678.76157, 3,   0.014,  8.661, -0.218, 4,  -0.115, -0.170, -0.021, 5, -20.256,-42.293, 31.023
703678.82117, 3,  -1.139, 11.155, -3.182, 4,  -0.087, -0.193,  0.012
703678.88074, 3,  -1.101, 10.636, -2.733, 4,   0.040, -0.242,  0.033, 5, -20.222,-42.570, 30.252
703678.94036, 3,  -1.183,  8.868, -2.910, 4,   0.022, -0.261,  0.136, 5, -20.613,-40.443, 31.558
703678.99999, 3,  -0.078, 11.373, -2.982, 4,   0.124, -0.183,  0.215, 5, -20.052,-39.287, 31.737
703679.05956, 3,   0.723,  9.409, -0.548, 4,   0.074,  0.170,  0.272, 5, -21.356,-39.420, 31.114
703679.11916, 3,  -1.239,  7.627, -3.590, 4,   0.026,  0.553,  0.184, 5, -22.269,-38.538, 30.386
703679.17877, 3,  -0.719, 11.014, -0.781, 4,   0.053,  0.523, -0.004, 5, -21.927,-39.052, 29.993
703679.23834, 3,  -0.666,  9.717, -2.515, 4,  -0.145,  0.127, -0.011, 5, -22.961,-39.975, 30.148
703679.29797, 3,  -0.261, 11.247, -4.469, 4,   0.068, -0.035, -0.051, 5, -23.204,-38.696, 28.929
703679.35757, 3,  -0.854,  8.269, -0.642, 4,  -0.013,  0.388, -0.051
703679.41717, 3,  -0.954,  7.531, -4.350, 4,  -0.017,  0.215, -0.159, 5, -23.468,-41.089, 29.002
703679.47674, 3,  -1.020, 11.948, -0.622, 4,   0.014, -0.164, -0.128
703679.53634, 3,   0.229,  9.870, -3.285, 4,  -0.071, -0.155, -0.034, 5, -22.418,-41.196, 28.795
703679.59597, 3,  -0.022, 10.853, -2.327, 4,   0.055,  0.055, -0.060, 5, -22.757,-40.627, 27.527
703679.65554, 3,   0.181,  8.357, -1.929, 4,  -0.008,  0.182, -0.115, 5, -24.303,-41.953, 28.545
703679.71514, 3,  -0.644, 10.065, -4.136, 4,  -0.010, -0.021, -0.180, 5, -21.419,-42.506, 29.816
703679.77474, 3,  -1.430,  9.153,  0.025, 4,  -0.019, -0.231, -0.188, 5, -21.330,-42.313, 27.962
703679.83437, 3,  -0.911,  8.883, -3.876, 4,  -0.085, -0.418, -0.070, 5, -21.101,-41.878, 29.761
703679.89394, 3,  -0.924, 11.273, -1.742, 4,   0.012, -0.285,  0.039
703679.95355, 3,   0.048,  7.694, -3.253, 4,  -0.015, -0.047,  0.102, 5, -20.764,-41.158, 29.718
703680.01315, 3,  -0.278, 10.127, -1.247, 4,   0.070, -0.139,  0.083
703680.07272, 3,   0.508, 10.173, -3.072, 4,  -0.019, -0.019,  0.115, 5, -21.292,-40.842, 30.002
703680.13235, 3,  -0.380,  8.769, -3.154, 4,   0.061, -0.018,  0.079, 5, -21.480,-40.981, 28.940
703680.19195, 3,  -1.584, 12.578, -2.068, 4,   0.011,  0.076,  0.039, 5, -23.952,-40.514, 27.100
703680.25155, 3,  -0.705,  8.361, -2.380, 4,  -0.081, -0.009,  0.056, 5, -22.258,-39.952, 28.395
703680.31112, 3,  -0.542,  9.724, -1.829, 4,   0.031, -0.180,  0.063, 5, -21.936,-39.760, 29.947
703680.37072, 3,  -0.651,  9.875, -4.554, 4,  -0.016,  0.117,  0.112, 5, -22.334,-39.771, 29.851
703680.43035, 3,  -0.077, 11.109, -1.905, 4,   0.101,  0.231,  0.080, 5, -21.913,-40.424, 27.229
703680.48992, 3,  -1.014, 10.419, -3.697, 4,  -0.010,  0.444,  0.001, 5, -22.383,-40.002, 28.543
703680.54952, 3,   0.028,  7.835, -1.794, 4,   0.071,  0.094, -0.084
703680.60912, 3,  -1.939,  9.935, -4.820, 4,   0.007, -0.088, -0.071, 5, -23.026,-40.633, 27.245
703680.66869, 3,  -0.310,  9.437, -1.082, 4,  -0.014, -0.000, -0.042, 5, -24.480,-42.155, 29.173
703680.72833, 3,   0.205,  8.178, -2.305, 4,  -0.039, -0.053, -0.008, 5, -23.338,-42.738, 29.182
703680.78793, 3,   0.082, 11.456, -0.612, 4,   0.020,  0.055, -0.034, 5, -20.142,-43.297, 29.572
703680.84753, 3,  -0.752,  9.081, -4.461, 4,  -0.040,  0.045, -0.055, 5, -22.466,-43.330, 27.826
703680.90710, 3,  -2.184,  9.787, -2.547, 4,   0.072, -0.090, -0.111, 5, -22.652,-41.914, 29.175
703680.96670, 3,   0.334,  9.586, -2.481, 4,  -0.018, -0.119, -0.035, 5, -22.133,-42.476, 28.993
703681.02633, 3,   0.045, 10.136, -4.164, 4,   0.035, -0.184,  0.015, 5, -21.712,-43.317, 28.552
703681.08590, 3,   0.813,  9.116, -1.216, 4,   0.057, -0.068,  0.046
703681.14550, 3,  -0.035,  9.590, -2.902, 4,  -0.096,  0.047,  0.059, 5, -22.002,-42.613, 29.808
703681.20510, 3,  -2.418, 11.541, -2.634, 4,   0.013, -0.146, -0.027, 5, -23.331,-42.650, 28.555
703681.26473, 3,   0.178,  6.886, -2.707, 4,  -0.081, -0.187,  0.040, 5, -21.861,-44.034, 28.938
703681.32430, 3,  -0.957,  8.406, -4.031, 4,   0.021, -0.127,  0.084, 5, -23.601,-42.366, 28.647
703681.38390, 3,   0.249, 10.126, -0.900, 4,   0.022,  0.253,  0.104, 5, -23.335,-42.503, 29.131
703681.44290, 3,  -0.372,  8.759, -2.597, 4,  -0.056,  0.110,  0.081, 5, -22.054,-41.235, 29.912
703681.50308, 3,  -1.127, 11.426, -2.880, 4,   0.093,  0.130,  0.032, 5, -21.976,-41.411, 28.787
703681.56271, 3,  -0.132,  8.162, -3.829, 4,  -0.040,  0.168,  0.019, 5, -22.932,-42.206, 27.684
703681.62231, 3,  -0.673, 10.199, -0.487, 4,   0.030, -0.154, -0.009
703681.68188, 3,  -0.542,  8.711, -1.848, 4,  -0.120,  0.193,  0.012, 5, -23.730,-42.035, 29.272
703681.74148, 3,  -0.971,  8.475, -1.404, 4,   0.018,  0.135, -0.042
703681.80108, 3,  -0.117, 11.673, -3.431, 4,  -0.083,  0.045, -0.034, 5, -22.751,-40.486, 27.382
703681.86071, 3,  -0.252,  9.312, -1.419, 4,  -0.000, -0.164,  0.014, 5, -23.750,-41.219, 27.574
703681.92028, 3,  -0.250, 12.058, -3.741, 4,  -0.008,  0.115, -0.009, 5, -23.819,-38.528, 27.812
703681.97988, 3,   0.373,  8.241, -2.253, 4,   0.031,  0.092, -0.058, 5, -23.726,-41.655, 26.654
703682.03948, 3,   0.131,  7.846, -1.468, 4,  -0.025, -0.167, -0.073, 5, -22.701,-39.774, 27.478
703682.09905, 3,  -0.241, 11.966, -1.383, 4,  -0.034, -0.221, -0.049, 5, -24.260,-40.196, 27.286
703682.15868, 3,  -0.754,  7.982, -1.165, 4,  -0.081, -0.080, -0.013
703682.21829, 3,  -0.652, 12.458, -3.948, 4,   0.022, -0.097, -0.030, 5, -23.071,-38.547, 27.776
703682.27786, 3,  -0.913,  9.224, -1.522, 4,   0.028,  0.001,  0.004
703682.33746, 3,  -0.234,  7.110, -1.578, 4,  -0.035, -0.155,  0.002, 5, -22.624,-40.482, 26.709
703682.39706, 3,   0.402, 10.666, -1.999, 4,   0.007, -0.127,  0.056, 5, -22.350,-40.482, 29.124
703682.45669, 3,  -0.569,  8.999, -0.751, 4,  -0.020,  0.065,  0.070, 5, -23.820,-41.850, 27.867
703682.51626, 3,  -1.362, 11.204, -3.366, 4,  -0.011,  0.000, -0.001, 5, -23.065,-40.253, 27.577
703682.57586, 3,   0.513,  9.241,  0.711, 4,   0.049, -0.116,  0.037, 5, -23.010,-39.929, 26.505
703682.63546, 3,  -0.356, 10.968, -6.041, 4,  -0.020,  0.044,  0.096, 5, -22.838,-41.916, 28.151
703682.69506, 3,  -0.238,  9.574,  0.090, 4,   0.171,  0.269,  0.033, 5, -24.007,-42.561, 26.277
703682.75466, 3,   0.091,  9.789, -1.438, 4,  -0.127,  0.302, -0.063, 5, -22.679,-42.915, 26.085
703682.81426, 3,  -0.246,  9.978, -0.599, 4,   0.021, -0.220, -0.152
703682.87386, 3,  -1.077, 10.020, -4.801, 4,  -0.098, -0.333, -0.074, 5, -24.208,-41.473, 26.115
703682.93343, 3,  -0.228,  9.092, -0.848, 4,   0.133, -0.395, -0.005, 5, -21.889,-43.837, 29.384
703682.99307, 3,  -0.082, 10.529, -2.015, 4,  -0.087, -0.051,  0.107, 5, -21.051,-41.739, 30.148
703683.05267, 3,  -0.659,  8.491, -0.583, 4,   0.052,  0.011,  0.058, 5, -22.368,-42.899, 28.889
703683.11224, 3,  -1.429, 10.971, -2.855, 4,   0.025, -0.002,  0.072, 5, -22.626,-40.681, 28.407
703683.17184, 3,  -0.589,  9.537, -1.772, 4,   0.086, -0.075,  0.078
703683.23144, 3,  -0.067,  8.879, -1.531, 4,  -0.041,  0.173,  0.135, 5, -22.995,-41.399, 28.546
703683.29107, 3,  -0.155, 10.256, -3.068, 4,   0.023,  0.199,  0.079, 5, -23.991,-41.989, 28.546
703683.35064, 3,  -1.142, 10.937,  0.075, 4,  -0.010,  0.280,  0.014
703683.41024, 3,   0.151,  9.203, -3.294, 4,  -0.087,  0.053, -0.008, 5, -25.224,-41.309, 28.496
703683.46984, 3,  -0.852,  8.261, -2.020, 4,   0.081, -0.135, -0.017
703683.52941, 3,  -0.171,  9.968,  0.478, 4,  -0.021,  0.174, -0.008, 5, -23.738,-40.979, 28.072
703683.58904, 3,  -1.215, 10.776, -5.200, 4,  -0.046,  0.187, -0.035, 5, -25.047,-41.405, 28.397
703683.64864, 3,  -0.675,  8.821, -0.510, 4,   0.088,  0.008, -0.073, 5, -27.895,-41.322, 26.045
703683.70821, 3,   0.446,  8.885,  1.426, 4,  -0.162,  0.103, -0.054, 5, -24.516,-43.108, 26.648
703683.76782, 3,  -1.220, 11.382, -4.846, 4,  -0.034,  0.027, -0.060, 5, -25.052,-41.541, 28.107
703683.82742, 3,   0.371,  8.363, -1.665, 4,   0.032, -0.087, -0.062, 5, -22.865,-41.209, 27.338
703683.88705, 3,  -0.180, 10.840, -1.440, 4,  -0.023, -0.252, -0.036
703683.94662, 3,  -0.288,  8.188, -3.105, 4,   0.043, -0.048, -0.026, 5, -21.213,-43.456, 27.545
703684.00622, 3,  -0.089, 12.862, -1.331, 4,  -0.007, -0.014, -0.019
703684.06582, 3,   0.716, 10.780, -0.554, 4,  -0.046, -0.106, -0.029, 5, -23.975,-41.229, 27.429
703684.12542, 3,  -1.180,  8.299, -2.780, 4,   0.006, -0.180, -0.029, 5, -22.806,-40.549, 27.623
703684.18502, 3,  -0.298,  9.803, -0.927, 4,   0.081, -0.217, -0.029, 5, -21.950,-40.479, 30.717
703684.24462, 3,  -0.831, 11.138, -2.874, 4,  -0.074, -0.150,  0.048, 5, -22.784,-41.391, 27.821
703684.30419, 3,  -0.534,  8.414, -1.156, 4,   0.108, -0.105,  0.066, 5, -21.657,-41.219, 28.163
703684.36379, 3,   0.396, 10.477, -1.447, 4,  -0.021,  0.009,  0.083
703684.42342, 3,   0.261,  7.931, -1.140, 4,   0.005, -0.033,  0.085, 5, -23.331,-40.459, 28.453
703684.48303, 3,  -0.302, 12.709, -2.998, 4,   0.005,  0.024,  0.031, 5, -24.150,-39.345, 29.024
703684.54260, 3,  -0.396,  8.924, -2.170, 4,   0.024, -0.056,  0.047
703684.60220, 3,  -0.542, 10.642, -0.949, 4,  -0.017, -0.007,  0.008, 5, -23.262,-39.221, 27.669
703684.66180, 3,  -0.333,  9.480, -1.152, 4,  -0.039, -0.057,  0.024, 5, -24.232,-39.394, 27.188
703684.72140, 3,  -0.725,  7.703, -0.635, 4,   0.027, -0.110,  0.054, 5, -23.689,-39.983, 27.817
703684.78100, 3,  -0.454, 11.335, -1.472, 4,  -0.021, -0.060,  0.087, 5, -23.294,-40.649, 27.382
703684.84060, 3,  -1.067,  7.627, -2.396, 4,   0.055,  0.120,  0.082, 5, -23.067,-40.492, 27.092
703684.90020, 3,  -0.552, 11.762, -2.262, 4,   0.085,  0.238,  0.039
703684.95977, 3,   0.001,  9.866, -1.415, 4,  -0.008,  0.177,  0.079, 5, -24.237,-41.235, 27.534
703685.01940, 3,   0.427, 10.177, -2.414, 4,   0.081,  0.220,  0.025, 5, -24.622,-40.198, 25.635
703685.07900, 3,  -0.005,  8.312, -2.345, 4,   0.039,  0.290, -0.021
703685.13857, 3,  -1.330, 10.176,  0.071, 4,   0.051,  0.362, -0.122, 5, -25.232,-40.736, 25.575
703685.19817, 3,  -1.272,  9.614, -1.239, 4,  -0.079,  0.220, -0.137, 5, -25.316,-41.264, 25.632
703685.25778, 3,  -0.577,  9.956, -1.772, 4,   0.013, -0.069, -0.141, 5, -24.515,-41.612, 24.724
703685.31738, 3,  -0.300,  8.822, -2.055, 4,  -0.046, -0.179, -0.060, 5, -24.712,-42.291, 24.916
703685.37698, 3,  -0.085, 10.144, -1.233, 4,  -0.030, -0.127, -0.035, 5, -24.005,-41.937, 25.789
703685.43658, 3,  -0.175,  8.779, -1.478, 4,  -0.071,  0.017, -0.014, 5, -24.178,-42.613, 26.370
703685.49618, 3,  -0.840, 11.672, -4.512, 4,   0.014, -0.099, -0.054, 5, -23.351,-43.361, 26.381
703685.55578, 3,   0.026,  8.443,  2.839, 4,  -0.033, -0.158, -0.023
703685.61538, 3,   0.376, 11.420, -2.201, 4,  -0.098, -0.177, -0.019, 5, -23.360,-43.350, 25.645
703685.67498, 3,   0.329, 10.532,  1.033, 4,   0.087, -0.218,  0.059, 5, -22.668,-42.438, 26.816
703685.73455, 3,   0.219,  9.124, -2.314, 4,  -0.092, -0.019,  0.072
703685.79415, 3,  -0.560,  9.488, -0.357, 4,   0.011,  0.086,  0.034, 5, -22.269,-42.615, 27.386
703685.85378, 3,  -0.507, 11.540, -1.113, 4,  -0.091,  0.087,  0.031, 5, -23.114,-42.162, 26.622
703685.91338, 3,  -0.245,  8.907, -2.780, 4,   0.031, -0.178,  0.008, 5, -25.624,-41.875, 24.541
703685.97295, 3,   0.040,  9.229,  1.045, 4,   0.039, -0.146,  0.047, 5, -22.241,-41.052, 28.691
703686.03256, 3,   0.889, 10.020, -1.841, 4,  -0.058, -0.101,  0.071, 5, -21.947,-42.229, 28.551
703686.09216, 3,  -1.375, 10.337, -0.797, 4,   0.058, -0.112,  0.013
703686.15176, 3,  -0.215,  9.837, -0.558, 4,  -0.033, -0.210,  0.031, 5, -22.670,-42.628, 29.080
703686.21136, 3,   0.427,  9.725, -1.629, 4,   0.057, -0.193,  0.078, 5, -23.772,-40.184, 30.339
703686.27096, 3,   0.571,  9.566,  0.495, 4,   0.037,  0.039,  0.105
703686.33053, 3,   0.526, 11.094, -1.355, 4,   0.009,  0.099,  0.089, 5, -23.621,-41.183, 28.502
703686.39013, 3,  -0.233,  9.716,  0.033, 4,   0.024,  0.078,  0.059, 5, -24.013,-43.085, 30.301
703686.44976, 3,  -0.497, 10.149, -2.046, 4,   0.022, -0.076,  0.062, 5, -23.985,-41.953, 32.132
703686.50936, 3,   0.572,  9.969,  0.450, 4,   0.006, -0.114,  0.090, 5, -25.291,-40.802, 31.447
703686.56893, 3,  -0.312,  9.867, -2.434, 4,  -0.005, -0.149,  0.114, 5, -26.225,-40.581, 31.879
703686.62853, 3,   0.094, 10.100,  0.482, 4,   0.075, -0.055,  0.098
703686.68813, 3,   0.064, 10.294, -0.898, 4,  -0.004, -0.092,  0.129, 5, -30.249,-39.545, 36.237
703686.74774, 3,   1.668,  9.980, -0.224, 4,   0.069, -0.182,  0.155
703686.80734, 3,   0.494,  9.840, -3.249, 4,   0.040, -0.186,  0.146, 5, -34.889,-39.952, 39.717
703686.86694, 3,   0.070,  9.809, -2.876, 4,   0.080, -0.329,  0.086, 5, -48.750,-44.276, 45.711
703686.92654, 3,  -1.090,  9.448, -2.395, 4,   0.056, -0.240,  0.054, 5, -73.380,-62.059, 38.638
703686.98614, 3,   0.387,  9.120, -3.214, 4,   0.064, -0.286,  0.072, 5, -71.266,-67.168, 18.022
703687.04574, 3,   0.676,  9.291, -2.615, 4,   0.061, -0.183,  0.130, 5, -59.526,-65.483, 13.525
703687.10534, 3,   0.831,  9.670, -3.351, 4,   0.029,  0.066,  0.102, 5, -46.265,-56.837, 11.705
703687.16491, 3,   0.593,  9.853, -2.512, 4,   0.028,  0.135,  0.057
703687.22451, 3,   0.769,  9.684, -2.473, 4,  -0.001,  0.148,  0.017, 5, -30.429,-44.931, 18.721
703687.28414, 3,   0.892,  9.629, -2.544, 4,   0.005, -0.005, -0.014
703687.34371, 3,   0.168,  9.567, -2.233, 4,  -0.002, -0.040, -0.046, 5, -27.026,-42.044, 20.938
703687.40331, 3,  -0.345,  9.817, -2.143, 4,  -0.017, -0.055, -0.080, 5, -25.298,-40.591, 24.084
703687.46291, 3,  -0.402,  9.807, -2.550, 4,  -0.017, -0.110, -0.069
703687.52252, 3,  -0.078,  9.490, -1.981, 4,  -0.004, -0.111, -0.049, 5, -24.394,-39.807, 24.908
703687.58212, 3,   0.665, 10.181, -1.678, 4,  -0.022, -0.093, -0.016, 5, -23.918,-38.663, 26.222
703687.64172, 3,   0.402,  9.440, -2.979, 4,  -0.021,  0.010, -0.015, 5, -23.244,-38.460, 27.713
703687.70132, 3,   0.667,  9.909, -1.617, 4,   0.024,  0.107, -0.053, 5, -23.854,-39.709, 27.721
703687.76089, 3,   0.472,  9.589, -2.431, 4,  -0.007,  0.426, -0.084, 5, -24.709,-38.541, 26.369
703687.82049, 3,  -0.181,  9.860, -1.281, 4,   0.005,  0.512, -0.127
703687.88012, 3,   0.201,  9.381, -2.722, 4,  -0.033,  0.470, -0.152, 5, -23.047,-39.548, 26.602
703687.93972, 3,  -0.206, 10.001, -1.761, 4,  -0.013,  0.197, -0.158, 5, -22.606,-39.720, 26.938
703687.99929, 3,  -0.232,  9.626, -2.660, 4,  -0.032,  0.224, -0.170, 5, -23.128,-39.067, 26.076
703688.05889, 3,  -1.010,  9.796, -1.184, 4,  -0.012,  0.141, -0.168, 5, -22.871,-39.825, 26.028
703688.11849, 3,  -0.564,  9.840, -2.256, 4,  -0.035,  0.150, -0.154, 5, -21.799,-41.367, 25.508
703688.17809, 3,  -0.991,  9.770, -1.555, 4,  -0.008,  0.121, -0.123, 5, -21.957,-40.462, 25.641
703688.23769, 3,  -0.818,  9.815, -1.991, 4,  -0.005,  0.100, -0.093, 5, -21.277,-39.925, 26.176
703688.29730, 3,  -0.209,  9.890, -1.824, 4,  -0.010,  0.022, -0.063, 5, -20.927,-40.062, 26.027
703688.35690, 3,  -0.203,  9.690, -1.940, 4,  -0.011, -0.014, -0.037
703688.41650, 3,  -0.156,  9.856, -1.720, 4,  -0.003, -0.009, -0.042, 5, -20.125,-40.463, 25.012
703688.47610, 3,   0.063,  9.788, -1.782, 4,  -0.022, -0.013, -0.061
703688.53570, 3,  -0.408,  9.739, -2.234, 4,  -0.020, -0.062, -0.069, 5, -23.524,-40.495, 23.926
703688.59527, 3,  -0.740,  9.736, -1.963, 4,  -0.012, -0.033, -0.091, 5, -20.229,-40.710, 26.224
703688.65487, 3,  -0.947,  9.712, -2.012, 4,  -0.024, -0.069, -0.097, 5, -20.552,-41.241, 26.808
703688.71450, 3,  -1.191,  9.698, -2.185, 4,  -0.017, -0.053, -0.095, 5, -20.583,-42.477, 25.554
703688.77407, 3,  -0.962,  9.715, -2.173, 4,  -0.015, -0.055, -0.079, 5, -19.981,-41.559, 25.362
703688.83367, 3,  -1.339,  9.666, -2.254, 4,  -0.015, -0.095, -0.048, 5, -18.877,-42.052, 26.857
703688.89327, 3,  -1.229,  9.708, -2.093, 4,  -0.003, -0.017, -0.038
703688.95286, 3,  -1.045,  9.699, -2.198, 4,  -0.002, -0.032, -0.016, 5, -19.713,-41.261, 25.505
703689.01246, 3,  -0.668,  9.690, -2.296, 4,   0.002, -0.011,  0.012
703689.07206, 3,  -0.356,  9.660, -2.254, 4,  -0.000, -0.029,  0.016, 5, -20.248,-41.847, 25.647
703689.13166, 3,  -0.778,  9.615, -2.591, 4,  -0.003, -0.045, -0.006, 5, -19.633,-42.165, 26.907
703689.19123, 3,  -1.038,  9.700, -2.139, 4,  -0.004, -0.085, -0.073, 5, -19.334,-42.534, 26.382
703689.25084, 3,  -1.665,  9.763, -2.205, 4,  -0.013, -0.118, -0.092, 5, -19.160,-42.502, 26.761
